TimeStamp,Reference,Position,Speed,Current,Voltage,Error,Kp x Error,Error Sum / Ti,Td x Delta PV,PID Output
186.15,0.001526,0,0,-0.034545,0,0.001526,0.001526,0.001526,0.001526,0.001526
186.16,0.001526,0,0,0.008636,0,0.001526,0.001526,0.001526,0.001526,0.001526
186.17,0.001526,0,0,-0.034545,0,0.001526,0.001526,0.001526,0.001526,0.001526
186.18,0.001526,0,0,0.008636,0,0.001526,0.001526,0.001526,0.001526,0.001526
186.19,0.001526,0,0,0.031666,0,0.001526,0.001526,0.001526,0.001526,0.001526
186.2,0.001526,0,0,-0.057575,0,0.001526,0.001526,0.001526,0.001526,0.001526
186.21,0.001526,0,0,-0.034545,0,0.001526,0.001526,0.001526,0.001526,0.001526
186.22,0.001526,0,0,0.008636,0,0.001526,0.001526,0.001526,0.001526,0.001526
186.23,0.001526,0,0,-0.011515,0,0.001526,0.001526,0.001526,0.001526,0.001526
186.24,0.001526,0,0,0.011515,0,0.001526,0.001526,0.001526,0.001526,0.001526
186.24,0.001526,0,0,0.011515,0,0.001526,0.001526,0.001526,0.001526,0.001526
186.25,0.001526,0,0,0.103634,0,0.001526,0.001526,0.001526,0.001526,0.001526
186.26,0.001526,0,0,-0.034545,0,0.001526,0.001526,0.001526,0.001526,0.001526
186.27,0.001526,0,0,0.031666,0,0.001526,0.001526,0.001526,0.001526,0.001526
186.28,0.001526,0,0,-0.034545,0,0.001526,0.001526,0.001526,0.001526,0.001526
186.29,0.001526,0,0,0.008636,0,0.001526,0.001526,0.001526,0.001526,0.001526
186.3,0.001526,0,0,-0.011515,0,0.001526,0.001526,0.001526,0.001526,0.001526
186.31,0.001526,0,0,0.011515,0,0.001526,0.001526,0.001526,0.001526,0.001526
186.32,0.001526,0,0,-0.080605,0,0.001526,0.001526,0.001526,0.001526,0.001526
186.33,0.001526,0,0,0.057575,0,0.001526,0.001526,0.001526,0.001526,0.001526
186.34,0.001526,0,0,-0.080605,0,0.001526,0.001526,0.001526,0.001526,0.001526
186.35,0.001526,0,0,0.008636,0,0.001526,0.001526,0.001526,0.001526,0.001526
186.36,0.001526,0,0,-0.011515,0,0.001526,0.001526,0.001526,0.001526,0.001526
186.37,0.001526,0,0,-0.011515,0,0.001526,0.001526,0.001526,0.001526,0.001526
186.38,0.001526,0,0,-0.034545,0,0.001526,0.001526,0.001526,0.001526,0.001526
186.39,0.001526,0,0,0.077726,0,0.001526,0.001526,0.001526,0.001526,0.001526
186.4,0.001526,0,0,-0.011515,0,0.001526,0.001526,0.001526,0.001526,0.001526
186.41,0.001526,0,0,-0.011515,0,0.001526,0.001526,0.001526,0.001526,0.001526
186.42,0.001526,0,0,-0.011515,0,0.001526,0.001526,0.001526,0.001526,0.001526
186.43,0.001526,0,0,0.008636,0,0.001526,0.001526,0.001526,0.001526,0.001526
186.44,0.001526,0,0,-0.011515,0,0.001526,0.001526,0.001526,0.001526,0.001526
186.45,0.001526,0,0,-0.080605,0,0.001526,0.001526,0.001526,0.001526,0.001526
186.46,0.001526,0,0,0.008636,0,0.001526,0.001526,0.001526,0.001526,0.001526
186.47,0.001526,0,0,-0.011515,0,0.001526,0.001526,0.001526,0.001526,0.001526
186.48,0.001526,0,0,-0.011515,0,0.001526,0.001526,0.001526,0.001526,0.001526
186.49,0.001526,0,0,0.008636,0,0.001526,0.001526,0.001526,0.001526,0.001526
186.5,0.001526,0,0,-0.011515,0,0.001526,0.001526,0.001526,0.001526,0.001526
186.51,0.001526,0,0,-0.034545,0,0.001526,0.001526,0.001526,0.001526,0.001526
186.52,0.001526,0,0,-0.011515,0,0.001526,0.001526,0.001526,0.001526,0.001526
186.53,0.001526,0,0,0.008636,0,0.001526,0.001526,0.001526,0.001526,0.001526
186.54,0.001526,0,0,-0.103634,0,0.001526,0.001526,0.001526,0.001526,0.001526
186.55,0.001526,0,0,-0.011515,0,0.001526,0.001526,0.001526,0.001526,0.001526
186.56,0.001526,0,0,0.008636,0,0.001526,0.001526,0.001526,0.001526,0.001526
186.56,0.001526,0,0,0.008636,0,0.001526,0.001526,0.001526,0.001526,0.001526
186.57,0.001526,0,0,0.008636,0,0.001526,0.001526,0.001526,0.001526,0.001526
186.58,0.001526,0,0,0.008636,0,0.001526,0.001526,0.001526,0.001526,0.001526
186.59,0.001526,0,0,0.057575,0,0.001526,0.001526,0.001526,0.001526,0.001526
186.6,0.001526,0,0,-0.011515,0,0.001526,0.001526,0.001526,0.001526,0.001526
186.61,0.001526,0,0,0.008636,0,0.001526,0.001526,0.001526,0.001526,0.001526
186.62,0.001526,0,0,-0.011515,0,0.001526,0.001526,0.001526,0.001526,0.001526
186.63,0.001526,0,0,0.008636,0,0.001526,0.001526,0.001526,0.001526,0.001526
186.64,0.001526,0,0,0.008636,0,0.001526,0.001526,0.001526,0.001526,0.001526
186.65,0.001526,0,0,0.054696,0,0.001526,0.001526,0.001526,0.001526,0.001526
186.66,0.001526,0,0,-0.011515,0,0.001526,0.001526,0.001526,0.001526,0.001526
186.67,0.001526,0,0,-0.080605,0,0.001526,0.001526,0.001526,0.001526,0.001526
186.68,0.001526,0,0,0.008636,0,0.001526,0.001526,0.001526,0.001526,0.001526
186.69,0.001526,0,0,-0.034545,0,0.001526,0.001526,0.001526,0.001526,0.001526
186.7,0.001526,0,0,-0.034545,0,0.001526,0.001526,0.001526,0.001526,0.001526
186.71,0.001526,0,0,0.008636,0,0.001526,0.001526,0.001526,0.001526,0.001526
186.72,0.001526,0,0,0.034545,0,0.001526,0.001526,0.001526,0.001526,0.001526
186.72,0.001526,0,0,0.034545,0,0.001526,0.001526,0.001526,0.001526,0.001526
186.73,0.001526,0,0,-0.034545,0,0.001526,0.001526,0.001526,0.001526,0.001526
186.74,0.001526,0,0,-0.011515,0,0.001526,0.001526,0.001526,0.001526,0.001526
186.75,0.001526,0,0,-0.011515,0,0.001526,0.001526,0.001526,0.001526,0.001526
186.76,0.001526,0,0,-0.011515,0,0.001526,0.001526,0.001526,0.001526,0.001526
186.77,0.001526,0,0,-0.011515,0,0.001526,0.001526,0.001526,0.001526,0.001526
186.78,0.001526,0,0,0.008636,0,0.001526,0.001526,0.001526,0.001526,0.001526
186.79,0.001526,0,0,0.008636,0,0.001526,0.001526,0.001526,0.001526,0.001526
186.8,0.001526,0,0,-0.057575,0,0.001526,0.001526,0.001526,0.001526,0.001526
186.81,0.001526,0,0,0.008636,0,0.001526,0.001526,0.001526,0.001526,0.001526
186.82,0.001526,0,0,-0.034545,0,0.001526,0.001526,0.001526,0.001526,0.001526
186.83,0.001526,0,0,-0.057575,0,0.001526,0.001526,0.001526,0.001526,0.001526
186.84,0.001526,0,0,-0.011515,0,0.001526,0.001526,0.001526,0.001526,0.001526
186.85,0.001526,0,0,0.057575,0,0.001526,0.001526,0.001526,0.001526,0.001526
186.86,0.001526,0,0,-0.011515,0,0.001526,0.001526,0.001526,0.001526,0.001526
186.87,0.001526,0,0,-0.011515,0,0.001526,0.001526,0.001526,0.001526,0.001526
186.88,0.001526,0,0,-0.034545,0,0.001526,0.001526,0.001526,0.001526,0.001526
186.88,0.001526,0,0,-0.034545,0,0.001526,0.001526,0.001526,0.001526,0.001526
186.89,0.001526,0,0,0.031666,0,0.001526,0.001526,0.001526,0.001526,0.001526
186.9,0.001526,0,0,-0.011515,0,0.001526,0.001526,0.001526,0.001526,0.001526
186.91,0.001526,0,0,-0.034545,0,0.001526,0.001526,0.001526,0.001526,0.001526
186.92,0.001526,0,0,0.031666,0,0.001526,0.001526,0.001526,0.001526,0.001526
186.93,0.001526,0,0,-0.011515,0,0.001526,0.001526,0.001526,0.001526,0.001526
186.94,0.001526,0,0,-0.011515,0,0.001526,0.001526,0.001526,0.001526,0.001526
186.95,0.001526,0,0,0.008636,0,0.001526,0.001526,0.001526,0.001526,0.001526
186.96,0.001526,0,0,0.008636,0,0.001526,0.001526,0.001526,0.001526,0.001526
186.97,0.001526,0,0,-0.011515,0,0.001526,0.001526,0.001526,0.001526,0.001526
186.98,0.001526,0,0,0.011515,0,0.001526,0.001526,0.001526,0.001526,0.001526
186.99,0.001526,0,0,0.057575,0,0.001526,0.001526,0.001526,0.001526,0.001526
187,0.001526,0,0,0.008636,0,0.001526,0.001526,0.001526,0.001526,0.001526
187.01,0.001526,0,0,0.008636,0,0.001526,0.001526,0.001526,0.001526,0.001526
187.02,0.001526,0,0,0.008636,0,0.001526,0.001526,0.001526,0.001526,0.001526
187.03,0.001526,0,0,-0.011515,0,0.001526,0.001526,0.001526,0.001526,0.001526
187.04,0.001526,0,0,0.008636,0,0.001526,0.001526,0.001526,0.001526,0.001526
187.05,0.001526,0,0,0.008636,0,0.001526,0.001526,0.001526,0.001526,0.001526
187.06,0.001526,0,0,-0.057575,0,0.001526,0.001526,0.001526,0.001526,0.001526
187.07,0.001526,0,0,-0.034545,0,0.001526,0.001526,0.001526,0.001526,0.001526
187.08,0.001526,0,0,-0.011515,0,0.001526,0.001526,0.001526,0.001526,0.001526
187.09,0.001526,0,0,-0.011515,0,0.001526,0.001526,0.001526,0.001526,0.001526
187.1,0.001526,0,0,-0.011515,0,0.001526,0.001526,0.001526,0.001526,0.001526
187.11,0.001526,0,0,-0.034545,0,0.001526,0.001526,0.001526,0.001526,0.001526
187.12,0.001526,0,0,-0.034545,0,0.001526,0.001526,0.001526,0.001526,0.001526
187.13,0.001526,0,0,0.031666,0,0.001526,0.001526,0.001526,0.001526,0.001526
187.14,0.001526,0,0,-0.011515,0,0.001526,0.001526,0.001526,0.001526,0.001526
187.15,0.001526,0,0,-0.011515,0,0.001526,0.001526,0.001526,0.001526,0.001526
187.16,0.001526,0,0,-0.057575,0,0.001526,0.001526,0.001526,0.001526,0.001526
187.17,0.001526,0,0,0.034545,0,0.001526,0.001526,0.001526,0.001526,0.001526
187.18,0.001526,0,0,0.008636,0,0.001526,0.001526,0.001526,0.001526,0.001526
187.19,0.001526,0,0,0.008636,0,0.001526,0.001526,0.001526,0.001526,0.001526
187.2,0.001526,0,0,-0.011515,0,0.001526,0.001526,0.001526,0.001526,0.001526
187.2,0.001526,0,0,-0.011515,0,0.001526,0.001526,0.001526,0.001526,0.001526
187.21,0.001526,0,0,0.008636,0,0.001526,0.001526,0.001526,0.001526,0.001526
187.22,0.001526,0,0,0.008636,0,0.001526,0.001526,0.001526,0.001526,0.001526
187.23,0.001526,0,0,-0.034545,0,0.001526,0.001526,0.001526,0.001526,0.001526
187.24,0.001526,0,0,-0.011515,0,0.001526,0.001526,0.001526,0.001526,0.001526
187.25,0.001526,0,0,-0.057575,0,0.001526,0.001526,0.001526,0.001526,0.001526
187.26,0.001526,0,0,-0.034545,0,0.001526,0.001526,0.001526,0.001526,0.001526
187.27,0.001526,0,0,-0.011515,0,0.001526,0.001526,0.001526,0.001526,0.001526
187.28,0.001526,0,0,0.008636,0,0.001526,0.001526,0.001526,0.001526,0.001526
187.29,0.001526,0,0,-0.011515,0,0.001526,0.001526,0.001526,0.001526,0.001526
187.3,0.001526,0,0,-0.011515,0,0.001526,0.001526,0.001526,0.001526,0.001526
187.31,0.001526,0,0,-0.011515,0,0.001526,0.001526,0.001526,0.001526,0.001526
187.32,0.001526,0,0,0.057575,0,0.001526,0.001526,0.001526,0.001526,0.001526
187.33,0.001526,0,0,0.008636,0,0.001526,0.001526,0.001526,0.001526,0.001526
187.34,0.001526,0,0,-0.034545,0,0.001526,0.001526,0.001526,0.001526,0.001526
187.35,0.001526,0,0,0.031666,0,0.001526,0.001526,0.001526,0.001526,0.001526
187.36,0.001526,0,0,0.008636,0,0.001526,0.001526,0.001526,0.001526,0.001526
187.36,0.001526,0,0,0.008636,0,0.001526,0.001526,0.001526,0.001526,0.001526
187.37,0.001526,0,0,-0.034545,0,0.001526,0.001526,0.001526,0.001526,0.001526
187.38,0.001526,0,0,-0.011515,0,0.001526,0.001526,0.001526,0.001526,0.001526
187.39,0.001526,0,0,0.031666,0,0.001526,0.001526,0.001526,0.001526,0.001526
187.4,0.001526,0,0,0.031666,0,0.001526,0.001526,0.001526,0.001526,0.001526
187.41,0.001526,0,0,-0.034545,0,0.001526,0.001526,0.001526,0.001526,0.001526
187.42,0.001526,0,0,0.008636,0,0.001526,0.001526,0.001526,0.001526,0.001526
187.43,0.001526,0,0,0.031666,0,0.001526,0.001526,0.001526,0.001526,0.001526
187.44,0.001526,0,0,-0.011515,0,0.001526,0.001526,0.001526,0.001526,0.001526
187.45,0.001526,0,0,-0.011515,0,0.001526,0.001526,0.001526,0.001526,0.001526
187.46,0.001526,0,0,0.034545,0,0.001526,0.001526,0.001526,0.001526,0.001526
187.47,0.001526,0,0,-0.034545,0,0.001526,0.001526,0.001526,0.001526,0.001526
187.48,0.001526,0,0,-0.034545,0,0.001526,0.001526,0.001526,0.001526,0.001526
187.49,0.001526,0,0,-0.080605,0,0.001526,0.001526,0.001526,0.001526,0.001526
187.5,0.001526,0,0,0.008636,0,0.001526,0.001526,0.001526,0.001526,0.001526
187.51,0.001526,0,0,-0.034545,0,0.001526,0.001526,0.001526,0.001526,0.001526
187.52,0.001526,0,0,-0.011515,0,0.001526,0.001526,0.001526,0.001526,0.001526
187.52,0.001526,0,0,-0.011515,0,0.001526,0.001526,0.001526,0.001526,0.001526
187.53,0.001526,0,0,-0.034545,0,0.001526,0.001526,0.001526,0.001526,0.001526
187.54,0.001526,0,0,0.008636,0,0.001526,0.001526,0.001526,0.001526,0.001526
187.55,0.001526,0,0,-0.057575,0,0.001526,0.001526,0.001526,0.001526,0.001526
187.56,0.001526,0,0,-0.034545,0,0.001526,0.001526,0.001526,0.001526,0.001526
187.57,0.001526,0,0,-0.057575,0,0.001526,0.001526,0.001526,0.001526,0.001526
187.58,0.001526,0,0,-0.011515,0,0.001526,0.001526,0.001526,0.001526,0.001526
187.59,0.001526,0,0,-0.057575,0,0.001526,0.001526,0.001526,0.001526,0.001526
187.6,0.001526,0,0,0.008636,0,0.001526,0.001526,0.001526,0.001526,0.001526
187.61,0.001526,0,0,0.031666,0,0.001526,0.001526,0.001526,0.001526,0.001526
187.62,0.001526,0,0,0.008636,0,0.001526,0.001526,0.001526,0.001526,0.001526
187.63,0.001526,0,0,-0.034545,0,0.001526,0.001526,0.001526,0.001526,0.001526
187.64,0.001526,0,0,-0.011515,0,0.001526,0.001526,0.001526,0.001526,0.001526
187.65,0.001526,0,0,0.057575,0,0.001526,0.001526,0.001526,0.001526,0.001526
187.66,0.001526,0,0,-0.080605,0,0.001526,0.001526,0.001526,0.001526,0.001526
187.67,0.001526,0,0,-0.011515,0,0.001526,0.001526,0.001526,0.001526,0.001526
187.68,0.001526,0,0,0.008636,0,0.001526,0.001526,0.001526,0.001526,0.001526
187.69,0.001526,0,0,0.008636,0,0.001526,0.001526,0.001526,0.001526,0.001526
187.7,0.001526,0,0,-0.057575,0,0.001526,0.001526,0.001526,0.001526,0.001526
187.71,0.001526,0,0,0.008636,0,0.001526,0.001526,0.001526,0.001526,0.001526
187.72,0.001526,0,0,-0.057575,0,0.001526,0.001526,0.001526,0.001526,0.001526
187.73,0.001526,0,0,-0.011515,0,0.001526,0.001526,0.001526,0.001526,0.001526
187.74,0.001526,0,0,0.008636,0,0.001526,0.001526,0.001526,0.001526,0.001526
187.75,0.001526,0,0,-0.057575,0,0.001526,0.001526,0.001526,0.001526,0.001526
187.76,0.001526,0,0,0.031666,0,0.001526,0.001526,0.001526,0.001526,0.001526
187.77,0.001526,0,0,-0.011515,0,0.001526,0.001526,0.001526,0.001526,0.001526
187.78,0.001526,0,0,0.008636,0,0.001526,0.001526,0.001526,0.001526,0.001526
187.79,0.001526,0,0,-0.011515,0,0.001526,0.001526,0.001526,0.001526,0.001526
187.8,0.001526,0,0,0.008636,0,0.001526,0.001526,0.001526,0.001526,0.001526
187.81,0.001526,0,0,-0.011515,0,0.001526,0.001526,0.001526,0.001526,0.001526
187.82,0.001526,0,0,-0.034545,0,0.001526,0.001526,0.001526,0.001526,0.001526
187.83,0.001526,0,0,0.008636,0,0.001526,0.001526,0.001526,0.001526,0.001526
187.84,0.001526,0,0,0.008636,0,0.001526,0.001526,0.001526,0.001526,0.001526
187.84,0.001526,0,0,0.008636,0,0.001526,0.001526,0.001526,0.001526,0.001526
187.85,0.001526,0,0,-0.011515,0,0.001526,0.001526,0.001526,0.001526,0.001526
187.86,0.001526,0,0,-0.011515,0,0.001526,0.001526,0.001526,0.001526,0.001526
187.87,0.001526,0,0,0.057575,0,0.001526,0.001526,0.001526,0.001526,0.001526
187.88,0.001526,0,0,0.008636,0,0.001526,0.001526,0.001526,0.001526,0.001526
187.89,0.001526,0,0,-0.057575,0,0.001526,0.001526,0.001526,0.001526,0.001526
187.9,0.001526,0,0,-0.011515,0,0.001526,0.001526,0.001526,0.001526,0.001526
187.91,0.001526,0,0,0.008636,0,0.001526,0.001526,0.001526,0.001526,0.001526
187.92,0.001526,0,0,-0.011515,0,0.001526,0.001526,0.001526,0.001526,0.001526
187.93,0.001526,0,0,-0.034545,0,0.001526,0.001526,0.001526,0.001526,0.001526
187.94,0.001526,0,0,0.008636,0,0.001526,0.001526,0.001526,0.001526,0.001526
187.95,0.001526,0,0,-0.034545,0,0.001526,0.001526,0.001526,0.001526,0.001526
187.96,0.001526,0,0,-0.034545,0,0.001526,0.001526,0.001526,0.001526,0.001526
187.97,0.001526,0,0,-0.011515,0,0.001526,0.001526,0.001526,0.001526,0.001526
187.98,0.001526,0,0,-0.011515,0,0.001526,0.001526,0.001526,0.001526,0.001526
187.99,0.001526,0,0,-0.057575,0,0.001526,0.001526,0.001526,0.001526,0.001526
188,0.001526,0,0,-0.057575,0,0.001526,0.001526,0.001526,0.001526,0.001526
188,0.001526,0,0,-0.057575,0,0.001526,0.001526,0.001526,0.001526,0.001526
188.01,0.001526,0,0,-0.057575,0,0.001526,0.001526,0.001526,0.001526,0.001526
188.02,0.001526,0,0,0.008636,0,0.001526,0.001526,0.001526,0.001526,0.001526
188.03,0.001526,0,0,-0.034545,0,0.001526,0.001526,0.001526,0.001526,0.001526
188.04,0.001526,0,0,0.031666,0,0.001526,0.001526,0.001526,0.001526,0.001526
188.05,0.001526,0,0,0.054696,0,0.001526,0.001526,0.001526,0.001526,0.001526
188.06,0.001526,0,0,-0.011515,0,0.001526,0.001526,0.001526,0.001526,0.001526
188.07,0.001526,0,0,-0.057575,0,0.001526,0.001526,0.001526,0.001526,0.001526
188.08,0.001526,0,0,-0.034545,0,0.001526,0.001526,0.001526,0.001526,0.001526
188.09,0.001526,0,0,0.031666,0,0.001526,0.001526,0.001526,0.001526,0.001526
188.1,0.001526,0,0,0.034545,0,0.001526,0.001526,0.001526,0.001526,0.001526
188.11,0.001526,0,0,-0.080605,0,0.001526,0.001526,0.001526,0.001526,0.001526
188.12,0.001526,0,0,-0.080605,0,0.001526,0.001526,0.001526,0.001526,0.001526
188.13,0.001526,0,0,-0.011515,0,0.001526,0.001526,0.001526,0.001526,0.001526
188.14,0.001526,0,0,-0.080605,0,0.001526,0.001526,0.001526,0.001526,0.001526
188.15,0.001526,0,0,-0.011515,0,0.001526,0.001526,0.001526,0.001526,0.001526
188.16,0.001526,0,0,0.008636,0,0.001526,0.001526,0.001526,0.001526,0.001526
188.16,0.001526,0,0,0.008636,0,0.001526,0.001526,0.001526,0.001526,0.001526
188.17,0.001526,0,0,-0.011515,0,0.001526,0.001526,0.001526,0.001526,0.001526
188.18,0.001526,0,0,-0.011515,0,0.001526,0.001526,0.001526,0.001526,0.001526
188.19,0.001526,0,0,-0.034545,0,0.001526,0.001526,0.001526,0.001526,0.001526
188.2,0.001526,0,0,0.054696,0,0.001526,0.001526,0.001526,0.001526,0.001526
188.21,0.001526,0,0,-0.080605,0,0.001526,0.001526,0.001526,0.001526,0.001526
188.22,0.001526,0,0,-0.011515,0,0.001526,0.001526,0.001526,0.001526,0.001526
188.23,0.001526,0,0,-0.034545,0,0.001526,0.001526,0.001526,0.001526,0.001526
188.24,0.001526,0,0,0.031666,0,0.001526,0.001526,0.001526,0.001526,0.001526
188.25,0.001526,0,0,-0.011515,0,0.001526,0.001526,0.001526,0.001526,0.001526
188.26,0.001526,0,0,-0.011515,0,0.001526,0.001526,0.001526,0.001526,0.001526
188.27,0.001526,0,0,-0.034545,0,0.001526,0.001526,0.001526,0.001526,0.001526
188.28,0.001526,0,0,-0.034545,0,0.001526,0.001526,0.001526,0.001526,0.001526
188.29,0.001526,0,0,-0.034545,0,0.001526,0.001526,0.001526,0.001526,0.001526
188.3,0.001526,0,0,-0.034545,0,0.001526,0.001526,0.001526,0.001526,0.001526
188.31,0.001526,0,0,0.031666,0,0.001526,0.001526,0.001526,0.001526,0.001526
188.32,0.001526,0,0,0.008636,0,0.001526,0.001526,0.001526,0.001526,0.001526
188.33,0.001526,0,0,-0.011515,0,0.001526,0.001526,0.001526,0.001526,0.001526
188.34,0.001526,0,0,-0.034545,0,0.001526,0.001526,0.001526,0.001526,0.001526
188.35,0.001526,0,0,-0.011515,0,0.001526,0.001526,0.001526,0.001526,0.001526
188.36,0.001526,0,0,0.008636,0,0.001526,0.001526,0.001526,0.001526,0.001526
188.37,0.001526,0,0,-0.034545,0,0.001526,0.001526,0.001526,0.001526,0.001526
188.38,0.001526,0,0,-0.011515,0,0.001526,0.001526,0.001526,0.001526,0.001526
188.39,0.001526,0,0,0.031666,0,0.001526,0.001526,0.001526,0.001526,0.001526
188.4,0.001526,0,0,0.008636,0,0.001526,0.001526,0.001526,0.001526,0.001526
188.41,0.001526,0,0,0.008636,0,0.001526,0.001526,0.001526,0.001526,0.001526
188.42,0.001526,0,0,0.008636,0,0.001526,0.001526,0.001526,0.001526,0.001526
188.43,0.001526,0,0,0.008636,0,0.001526,0.001526,0.001526,0.001526,0.001526
188.44,0.001526,0,0,0.057575,0,0.001526,0.001526,0.001526,0.001526,0.001526
188.45,0.001526,0,0,0.008636,0,0.001526,0.001526,0.001526,0.001526,0.001526
188.46,0.001526,0,0,-0.011515,0,0.001526,0.001526,0.001526,0.001526,0.001526
188.47,0.001526,0,0,0.008636,0,0.001526,0.001526,0.001526,0.001526,0.001526
188.48,0.001526,0,0,0.008636,0,0.001526,0.001526,0.001526,0.001526,0.001526
188.48,0.001526,0,0,0.008636,0,0.001526,0.001526,0.001526,0.001526,0.001526
188.49,0.001526,0,0,0.008636,0,0.001526,0.001526,0.001526,0.001526,0.001526
188.5,0.001526,0,0,0.008636,0,0.001526,0.001526,0.001526,0.001526,0.001526
188.51,0.001526,0,0,-0.011515,0,0.001526,0.001526,0.001526,0.001526,0.001526
188.52,0.001526,0,0,-0.080605,0,0.001526,0.001526,0.001526,0.001526,0.001526
188.53,0.001526,0,0,-0.034545,0,0.001526,0.001526,0.001526,0.001526,0.001526
188.54,0.001526,0,0,0.008636,0,0.001526,0.001526,0.001526,0.001526,0.001526
188.55,0.001526,0,0,0.008636,0,0.001526,0.001526,0.001526,0.001526,0.001526
188.56,0.001526,0,0,0.008636,0,0.001526,0.001526,0.001526,0.001526,0.001526
188.57,0.001526,0,0,-0.034545,0,0.001526,0.001526,0.001526,0.001526,0.001526
188.58,0.001526,0,0,0.008636,0,0.001526,0.001526,0.001526,0.001526,0.001526
188.59,0.001526,0,0,-0.011515,0,0.001526,0.001526,0.001526,0.001526,0.001526
188.6,0.001526,0,0,-0.011515,0,0.001526,0.001526,0.001526,0.001526,0.001526
188.61,0.001526,0,0,0.008636,0,0.001526,0.001526,0.001526,0.001526,0.001526
188.62,0.001526,0,0,0.031666,0,0.001526,0.001526,0.001526,0.001526,0.001526
188.63,0.001526,0,0,-0.034545,0,0.001526,0.001526,0.001526,0.001526,0.001526
188.64,0.001526,0,0,0.008636,0,0.001526,0.001526,0.001526,0.001526,0.001526
188.64,0.001526,0,0,0.008636,0,0.001526,0.001526,0.001526,0.001526,0.001526
188.65,0.001526,0,0,0.008636,0,0.001526,0.001526,0.001526,0.001526,0.001526
188.66,0.001526,0,0,-0.011515,0,0.001526,0.001526,0.001526,0.001526,0.001526
188.67,0.001526,0,0,0.008636,0,0.001526,0.001526,0.001526,0.001526,0.001526
188.68,0.001526,0,0,-0.034545,0,0.001526,0.001526,0.001526,0.001526,0.001526
188.69,0.001526,0,0,-0.011515,0,0.001526,0.001526,0.001526,0.001526,0.001526
188.7,0.001526,0,0,-0.011515,0,0.001526,0.001526,0.001526,0.001526,0.001526
188.71,0.001526,0,0,-0.011515,0,0.001526,0.001526,0.001526,0.001526,0.001526
188.72,0.001526,0,0,-0.034545,0,0.001526,0.001526,0.001526,0.001526,0.001526
188.73,0.001526,0,0,0.054696,0,0.001526,0.001526,0.001526,0.001526,0.001526
188.74,0.001526,0,0,0.054696,0,0.001526,0.001526,0.001526,0.001526,0.001526
188.75,0.001526,0,0,-0.011515,0,0.001526,0.001526,0.001526,0.001526,0.001526
188.76,0.001526,0,0,0.054696,0,0.001526,0.001526,0.001526,0.001526,0.001526
188.77,0.001526,0,0,0.008636,0,0.001526,0.001526,0.001526,0.001526,0.001526
188.78,0.001526,0,0,-0.011515,0,0.001526,0.001526,0.001526,0.001526,0.001526
188.79,0.001526,0,0,0.031666,0,0.001526,0.001526,0.001526,0.001526,0.001526
188.8,0.001526,0,0,0.008636,0,0.001526,0.001526,0.001526,0.001526,0.001526
188.8,0.001526,0,0,0.008636,0,0.001526,0.001526,0.001526,0.001526,0.001526
188.81,0.001526,0,0,0.008636,0,0.001526,0.001526,0.001526,0.001526,0.001526
188.82,0.001526,0,0,-0.034545,0,0.001526,0.001526,0.001526,0.001526,0.001526
188.83,0.001526,0,0,-0.034545,0,0.001526,0.001526,0.001526,0.001526,0.001526
188.84,0.001526,0,0,-0.011515,0,0.001526,0.001526,0.001526,0.001526,0.001526
188.85,0.001526,0,0,-0.011515,0,0.001526,0.001526,0.001526,0.001526,0.001526
188.86,0.001526,0,0,0.011515,0,0.001526,0.001526,0.001526,0.001526,0.001526
188.87,0.001526,0,0,-0.034545,0,0.001526,0.001526,0.001526,0.001526,0.001526
188.88,0.001526,0,0,0.034545,0,0.001526,0.001526,0.001526,0.001526,0.001526
188.89,0.001526,0,0,0.008636,0,0.001526,0.001526,0.001526,0.001526,0.001526
188.9,0.001526,0,0,-0.011515,0,0.001526,0.001526,0.001526,0.001526,0.001526
188.91,0.001526,0,0,0.008636,0,0.001526,0.001526,0.001526,0.001526,0.001526
188.92,0.001526,0,0,0.008636,0,0.001526,0.001526,0.001526,0.001526,0.001526
188.93,0.001526,0,0,-0.011515,0,0.001526,0.001526,0.001526,0.001526,0.001526
188.94,0.001526,0,0,-0.057575,0,0.001526,0.001526,0.001526,0.001526,0.001526
188.95,0.001526,0,0,-0.011515,0,0.001526,0.001526,0.001526,0.001526,0.001526
188.96,0.001526,0,0,-0.011515,0,0.001526,0.001526,0.001526,0.001526,0.001526
188.97,0.001526,0,0,-0.034545,0,0.001526,0.001526,0.001526,0.001526,0.001526
188.98,0.001526,0,0,-0.057575,0,0.001526,0.001526,0.001526,0.001526,0.001526
188.99,0.001526,0,0,0.008636,0,0.001526,0.001526,0.001526,0.001526,0.001526
189,0.001526,0,0,-0.034545,0,0.001526,0.001526,0.001526,0.001526,0.001526
189.01,0.001526,0,0,-0.011515,0,0.001526,0.001526,0.001526,0.001526,0.001526
189.02,0.001526,0,0,-0.057575,0,0.001526,0.001526,0.001526,0.001526,0.001526
189.03,0.001526,0,0,0.031666,0,0.001526,0.001526,0.001526,0.001526,0.001526
189.04,0.001526,0,0,-0.011515,0,0.001526,0.001526,0.001526,0.001526,0.001526
189.05,0.001526,0,0,-0.034545,0,0.001526,0.001526,0.001526,0.001526,0.001526
189.06,0.001526,0,0,0.031666,0,0.001526,0.001526,0.001526,0.001526,0.001526
189.07,0.001526,0,0,0.008636,0,0.001526,0.001526,0.001526,0.001526,0.001526
189.08,0.001526,0,0,0.054696,0,0.001526,0.001526,0.001526,0.001526,0.001526
189.09,0.001526,0,0,-0.011515,0,0.001526,0.001526,0.001526,0.001526,0.001526
189.1,0.001526,0,0,0.008636,0,0.001526,0.001526,0.001526,0.001526,0.001526
189.11,0.001526,0,0,-0.011515,0,0.001526,0.001526,0.001526,0.001526,0.001526
189.12,0.001526,0,0,-0.034545,0,0.001526,0.001526,0.001526,0.001526,0.001526
189.12,0.001526,0,0,-0.034545,0,0.001526,0.001526,0.001526,0.001526,0.001526
189.13,0.001526,0,0,-0.011515,0,0.001526,0.001526,0.001526,0.001526,0.001526
189.14,0.001526,0,0,-0.011515,0,0.001526,0.001526,0.001526,0.001526,0.001526
189.15,0.001526,0,0,0.008636,0,0.001526,0.001526,0.001526,0.001526,0.001526
189.16,0.001526,0,0,-0.057575,0,0.001526,0.001526,0.001526,0.001526,0.001526
189.17,0.001526,0,0,-0.034545,0,0.001526,0.001526,0.001526,0.001526,0.001526
189.18,0.001526,0,0,0.008636,0,0.001526,0.001526,0.001526,0.001526,0.001526
189.19,0.001526,0,0,-0.034545,0,0.001526,0.001526,0.001526,0.001526,0.001526
189.2,0.001526,0,0,0.008636,0,0.001526,0.001526,0.001526,0.001526,0.001526
189.21,0.001526,0,0,0.008636,0,0.001526,0.001526,0.001526,0.001526,0.001526
189.22,0.001526,0,0,0.008636,0,0.001526,0.001526,0.001526,0.001526,0.001526
189.23,0.001526,0,0,-0.034545,0,0.001526,0.001526,0.001526,0.001526,0.001526
189.24,0.001526,0,0,0.034545,0,0.001526,0.001526,0.001526,0.001526,0.001526
189.25,0.001526,0,0,0.031666,0,0.001526,0.001526,0.001526,0.001526,0.001526
189.26,0.001526,0,0,-0.034545,0,0.001526,0.001526,0.001526,0.001526,0.001526
189.27,0.001526,0,0,0.011515,0,0.001526,0.001526,0.001526,0.001526,0.001526
189.28,0.001526,0,0,0.008636,0,0.001526,0.001526,0.001526,0.001526,0.001526
189.28,0.001526,0,0,0.008636,0,0.001526,0.001526,0.001526,0.001526,0.001526
189.29,0.001526,0,0,0.008636,0,0.001526,0.001526,0.001526,0.001526,0.001526
189.3,0.001526,0,0,-0.011515,0,0.001526,0.001526,0.001526,0.001526,0.001526
189.31,0.001526,0,0,-0.034545,0,0.001526,0.001526,0.001526,0.001526,0.001526
189.32,0.001526,0,0,-0.011515,0,0.001526,0.001526,0.001526,0.001526,0.001526
189.33,0.001526,0,0,0.008636,0,0.001526,0.001526,0.001526,0.001526,0.001526
189.34,0.001526,0,0,-0.011515,0,0.001526,0.001526,0.001526,0.001526,0.001526
189.35,0.001526,0,0,0.031666,0,0.001526,0.001526,0.001526,0.001526,0.001526
189.36,0.001526,0,0,-0.011515,0,0.001526,0.001526,0.001526,0.001526,0.001526
189.37,0.001526,0,0,-0.080605,0,0.001526,0.001526,0.001526,0.001526,0.001526
189.38,0.001526,0,0,-0.011515,0,0.001526,0.001526,0.001526,0.001526,0.001526
189.39,0.001526,0,0,-0.011515,0,0.001526,0.001526,0.001526,0.001526,0.001526
189.4,0.001526,0,0,-0.034545,0,0.001526,0.001526,0.001526,0.001526,0.001526
189.41,0.001526,0,0,-0.011515,0,0.001526,0.001526,0.001526,0.001526,0.001526
189.42,0.001526,0,0,-0.034545,0,0.001526,0.001526,0.001526,0.001526,0.001526
189.43,0.001526,0,0,0.031666,0,0.001526,0.001526,0.001526,0.001526,0.001526
189.44,0.001526,0,0,0.008636,0,0.001526,0.001526,0.001526,0.001526,0.001526
189.44,0.001526,0,0,0.008636,0,0.001526,0.001526,0.001526,0.001526,0.001526
189.45,0.001526,0,0,0.008636,0,0.001526,0.001526,0.001526,0.001526,0.001526
189.46,0.001526,0,0,-0.034545,0,0.001526,0.001526,0.001526,0.001526,0.001526
189.47,0.001526,0,0,0.008636,0,0.001526,0.001526,0.001526,0.001526,0.001526
189.48,0.001526,0,0,-0.011515,0,0.001526,0.001526,0.001526,0.001526,0.001526
189.49,0.001526,0,0,-0.057575,0,0.001526,0.001526,0.001526,0.001526,0.001526
189.5,0.001526,0,0,0.008636,0,0.001526,0.001526,0.001526,0.001526,0.001526
189.51,0.001526,0,0,0.034545,0,0.001526,0.001526,0.001526,0.001526,0.001526
189.52,0.001526,0,0,0.077726,0,0.001526,0.001526,0.001526,0.001526,0.001526
189.53,0.001526,0,0,-0.080605,0,0.001526,0.001526,0.001526,0.001526,0.001526
189.54,0.001526,0,0,0.077726,0,0.001526,0.001526,0.001526,0.001526,0.001526
189.55,0.001526,0,0,0.123786,0,0.001526,0.001526,0.001526,0.001526,0.001526
189.56,0.001526,0,0,-0.080605,0,0.001526,0.001526,0.001526,0.001526,0.001526
189.57,0.001526,0,0,-0.080605,0,0.001526,0.001526,0.001526,0.001526,0.001526
189.58,0.001526,0,0,0.031666,0,0.001526,0.001526,0.001526,0.001526,0.001526
189.59,0.001526,0,0,0.054696,0,0.001526,0.001526,0.001526,0.001526,0.001526
189.6,0.001526,0,0,0.008636,0,0.001526,0.001526,0.001526,0.001526,0.001526
189.61,0.001526,0,0,-0.011515,0,0.001526,0.001526,0.001526,0.001526,0.001526
189.62,0.001526,0,0,0.008636,0,0.001526,0.001526,0.001526,0.001526,0.001526
189.63,0.001526,0,0,0.008636,0,0.001526,0.001526,0.001526,0.001526,0.001526
189.64,0.001526,0,0,0.008636,0,0.001526,0.001526,0.001526,0.001526,0.001526
189.65,0.001526,0,0,-0.011515,0,0.001526,0.001526,0.001526,0.001526,0.001526
189.66,0.001526,0,0,0.031666,0,0.001526,0.001526,0.001526,0.001526,0.001526
189.67,0.001526,0,0,0.008636,0,0.001526,0.001526,0.001526,0.001526,0.001526
189.68,0.001526,0,0,-0.080605,0,0.001526,0.001526,0.001526,0.001526,0.001526
189.69,0.001526,0,0,-0.011515,0,0.001526,0.001526,0.001526,0.001526,0.001526
189.7,0.001526,0,0,-0.057575,0,0.001526,0.001526,0.001526,0.001526,0.001526
189.71,0.001526,0,0,-0.057575,0,0.001526,0.001526,0.001526,0.001526,0.001526
189.72,0.001526,0,0,0.057575,0,0.001526,0.001526,0.001526,0.001526,0.001526
189.73,0.001526,0,0,0.008636,0,0.001526,0.001526,0.001526,0.001526,0.001526
189.74,0.001526,0,0,0.008636,0,0.001526,0.001526,0.001526,0.001526,0.001526
189.75,0.001526,0,0,-0.011515,0,0.001526,0.001526,0.001526,0.001526,0.001526
189.76,0.001526,0,0,0.008636,0,0.001526,0.001526,0.001526,0.001526,0.001526
189.76,0.001526,0,0,0.008636,0,0.001526,0.001526,0.001526,0.001526,0.001526
189.77,0.001526,0,0,0.034545,0,0.001526,0.001526,0.001526,0.001526,0.001526
189.78,0.001526,0,0,-0.011515,0,0.001526,0.001526,0.001526,0.001526,0.001526
189.79,0.001526,0,0,-0.011515,0,0.001526,0.001526,0.001526,0.001526,0.001526
189.8,0.001526,0,0,0.031666,0,0.001526,0.001526,0.001526,0.001526,0.001526
189.81,0.001526,0,0,0.008636,0,0.001526,0.001526,0.001526,0.001526,0.001526
189.82,0.001526,0,0,0.008636,0,0.001526,0.001526,0.001526,0.001526,0.001526
189.83,0.001526,0,0,0.034545,0,0.001526,0.001526,0.001526,0.001526,0.001526
189.84,0.001526,0,0,0.031666,0,0.001526,0.001526,0.001526,0.001526,0.001526
189.85,0.001526,0,0,-0.011515,0,0.001526,0.001526,0.001526,0.001526,0.001526
189.86,0.001526,0,0,-0.057575,0,0.001526,0.001526,0.001526,0.001526,0.001526
189.87,0.001526,0,0,-0.034545,0,0.001526,0.001526,0.001526,0.001526,0.001526
189.88,0.001526,0,0,0.034545,0,0.001526,0.001526,0.001526,0.001526,0.001526
189.89,0.001526,0,0,-0.080605,0,0.001526,0.001526,0.001526,0.001526,0.001526
189.9,0.001526,0,0,0.034545,0,0.001526,0.001526,0.001526,0.001526,0.001526
189.91,0.001526,0,0,-0.011515,0,0.001526,0.001526,0.001526,0.001526,0.001526
189.92,0.001526,0,0,0.034545,0,0.001526,0.001526,0.001526,0.001526,0.001526
189.93,0.001526,0,0,0.008636,0,0.001526,0.001526,0.001526,0.001526,0.001526
189.94,0.001526,0,0,0.008636,0,0.001526,0.001526,0.001526,0.001526,0.001526
189.95,0.001526,0,0,0.008636,0,0.001526,0.001526,0.001526,0.001526,0.001526
189.96,0.001526,0,0,0.008636,0,0.001526,0.001526,0.001526,0.001526,0.001526
189.97,0.001526,0,0,-0.011515,0,0.001526,0.001526,0.001526,0.001526,0.001526
189.98,0.001526,0,0,0.008636,0,0.001526,0.001526,0.001526,0.001526,0.001526
189.99,0.001526,0,0,-0.034545,0,0.001526,0.001526,0.001526,0.001526,0.001526
190,0.001526,0,0,0.031666,0,0.001526,0.001526,0.001526,0.001526,0.001526
190.01,0.001526,0,0,-0.034545,0,0.001526,0.001526,0.001526,0.001526,0.001526
190.02,0.001526,0,0,-0.011515,0,0.001526,0.001526,0.001526,0.001526,0.001526
190.03,0.001526,0,0,0.008636,0,0.001526,0.001526,0.001526,0.001526,0.001526
0.01,0.001526,0,0,-0.011515,-88.655569,0.001526,0.001526,0.001526,-99.996948,-99.996948
0.02,0.834668,-1.46,-2.375,-93.095358,87.761783,2.293431,9.626917,0.001526,100,100
0.03,1.667811,-4.44,-13.625,-0.005757,0,0.001526,0.001526,0.001526,0.001526,0.001526
0.01,0.001526,-6.36,-13,0.002879,0,0.001526,0.001526,0.001526,0.001526,0.001526
0.01,0.001526,-8.12,-11.25,0.002879,0,0.001526,0.001526,0.001526,0.001526,0.001526
0.01,0.001526,-8.12,-11.25,0.002879,0,0.001526,0.001526,0.001526,0.001526,0.001526
0.01,0.001526,-9.74,-8.625,0.002879,0,0.001526,0.001526,0.001526,0.001526,0.001526
0.01,0.001526,-11.22,-5.5,0.002879,0,0.001526,0.001526,0.001526,0.001526,0.001526
0.01,0.001526,-12.64,-2.375,0.002879,0,0.001526,0.001526,0.001526,0.001526,0.001526
0.01,0.001526,-13.98,0.375,0.005757,0,0.001526,0.001526,0.001526,0.001526,0.001526
0.01,0.001526,-15.28,2.375,0.025909,0,0.001526,0.001526,0.001526,0.001526,0.001526
0.01,0.001526,-16.6,3.375,0.002879,0,0.001526,0.001526,0.001526,0.001526,0.001526
0.01,0.001526,-17.92,3.375,0.005757,0,0.001526,0.001526,0.001526,0.001526,0.001526
0.01,0.001526,-19.22,2.5,0.002879,0,0.001526,0.001526,0.001526,0.001526,0.001526
0.01,0.001526,-20.54,0.75,0.002879,0,0.001526,0.001526,0.001526,0.001526,0.001526
0.01,0.001526,-21.82,-1.25,0.005757,0,0.001526,0.001526,0.001526,0.001526,0.001526
0.01,0.001526,-23.08,-3.5,0.002879,0,0.001526,0.001526,0.001526,0.001526,0.001526
0.01,0.001526,-24.24,-5.25,0.028787,0,0.001526,0.001526,0.001526,0.001526,0.001526
0.01,0.001526,-25.32,-6.625,0.002879,0,0.001526,0.001526,0.001526,0.001526,0.001526
0.01,0.001526,-26.26,-7.25,-0.040302,0,0.001526,0.001526,0.001526,0.001526,0.001526
0.01,0.001526,-27.08,-7,-0.017272,0,0.001526,0.001526,0.001526,0.001526,0.001526
0.01,0.001526,-27.76,-6.125,-0.017272,0,0.001526,0.001526,0.001526,0.001526,0.001526
0.01,0.001526,-28.32,-4.5,0.028787,0,0.001526,0.001526,0.001526,0.001526,0.001526
0.01,0.001526,-28.78,-2.625,0.028787,0,0.001526,0.001526,0.001526,0.001526,0.001526
0.01,0.001526,-29.16,-0.75,0.051817,0,0.001526,0.001526,0.001526,0.001526,0.001526
0.01,0.001526,-29.5,0.875,0.002879,0,0.001526,0.001526,0.001526,0.001526,0.001526
0.01,0.001526,-29.8,2.125,0.002879,0,0.001526,0.001526,0.001526,0.001526,0.001526
0.01,0.001526,-30.08,2.75,0.025909,0,0.001526,0.001526,0.001526,0.001526,0.001526
0.01,0.001526,-30.38,2.875,-0.063332,0,0.001526,0.001526,0.001526,0.001526,0.001526
0.01,0.001526,-30.66,2.5,0.002879,0,0.001526,0.001526,0.001526,0.001526,0.001526
0.01,0.001526,-30.96,1.5,-0.017272,0,0.001526,0.001526,0.001526,0.001526,0.001526
0.01,0.001526,-31.24,0.375,-0.017272,0,0.001526,0.001526,0.001526,0.001526,0.001526
0.01,0.001526,-31.48,-0.875,0.002879,0,0.001526,0.001526,0.001526,0.001526,0.001526
0.01,0.001526,-31.68,-1.875,0.002879,0,0.001526,0.001526,0.001526,0.001526,0.001526
0.01,0.001526,-31.84,-2.5,0.028787,0,0.001526,0.001526,0.001526,0.001526,0.001526
0.01,0.001526,-31.92,-2.625,-0.017272,0,0.001526,0.001526,0.001526,0.001526,0.001526
0.01,0.001526,-31.96,-2.375,0.002879,0,0.001526,0.001526,0.001526,0.001526,0.001526
0.01,0.001526,-31.94,-1.75,0.002879,0,0.001526,0.001526,0.001526,0.001526,0.001526
0.01,0.001526,-31.94,-1.75,0.002879,0,0.001526,0.001526,0.001526,0.001526,0.001526
0.01,0.001526,-31.86,-0.875,0.097877,0,0.001526,0.001526,0.001526,0.001526,0.001526
0.01,0.001526,-31.76,0,0.025909,0,0.001526,0.001526,0.001526,0.001526,0.001526
0.01,0.001526,-31.66,0.875,-0.040302,0,0.001526,0.001526,0.001526,0.001526,0.001526
0.01,0.001526,-31.56,1.5,0.002879,0,0.001526,0.001526,0.001526,0.001526,0.001526
0.01,0.001526,-31.5,1.75,0.002879,0,0.001526,0.001526,0.001526,0.001526,0.001526
0.01,0.001526,-31.46,1.75,-0.017272,0,0.001526,0.001526,0.001526,0.001526,0.001526
0.01,0.001526,-31.46,1.375,-0.040302,0,0.001526,0.001526,0.001526,0.001526,0.001526
0.01,0.001526,-31.5,0.75,0.074847,0,0.001526,0.001526,0.001526,0.001526,0.001526
0.01,0.001526,-31.54,0.125,0.028787,0,0.001526,0.001526,0.001526,0.001526,0.001526
0.01,0.001526,-31.58,-0.375,0.002879,0,0.001526,0.001526,0.001526,0.001526,0.001526
0.01,0.001526,-31.62,-0.875,-0.017272,0,0.001526,0.001526,0.001526,0.001526,0.001526
0.01,0.001526,-31.64,-1,0.005757,0,0.001526,0.001526,0.001526,0.001526,0.001526
0.01,0.001526,-31.66,-1,0.074847,0,0.001526,0.001526,0.001526,0.001526,0.001526
0.01,0.001526,-31.66,-0.875,0.028787,0,0.001526,0.001526,0.001526,0.001526,0.001526
0.01,0.001526,-31.62,-0.375,0.051817,0,0.001526,0.001526,0.001526,0.001526,0.001526
0.01,0.001526,-31.6,0,0.002879,0,0.001526,0.001526,0.001526,0.001526,0.001526
0.01,0.001526,-31.6,0,0.002879,0,0.001526,0.001526,0.001526,0.001526,0.001526
0.01,0.001526,-31.56,0.375,-0.017272,0,0.001526,0.001526,0.001526,0.001526,0.001526
0.01,0.001526,-31.54,0.625,-0.017272,0,0.001526,0.001526,0.001526,0.001526,0.001526
0.01,0.001526,-31.52,0.625,-0.017272,0,0.001526,0.001526,0.001526,0.001526,0.001526
0.01,0.001526,-31.52,0.625,0.028787,0,0.001526,0.001526,0.001526,0.001526,0.001526
0.01,0.001526,-31.54,0.375,0.028787,0,0.001526,0.001526,0.001526,0.001526,0.001526
0.01,0.001526,-31.56,0.125,0.002879,0,0.001526,0.001526,0.001526,0.001526,0.001526
0.01,0.001526,-31.58,-0.125,-0.017272,0,0.001526,0.001526,0.001526,0.001526,0.001526
0.01,0.001526,-31.6,-0.375,0.048938,0,0.001526,0.001526,0.001526,0.001526,0.001526
0.01,0.001526,-31.6,-0.375,0.028787,0,0.001526,0.001526,0.001526,0.001526,0.001526
0.01,0.001526,-31.6,-0.25,0.025909,0,0.001526,0.001526,0.001526,0.001526,0.001526
0.01,0.001526,-31.6,-0.25,-0.017272,0,0.001526,0.001526,0.001526,0.001526,0.001526
0.01,0.001526,-31.58,0,-0.017272,0,0.001526,0.001526,0.001526,0.001526,0.001526
0.01,0.001526,-31.56,0.25,0.028787,0,0.001526,0.001526,0.001526,0.001526,0.001526
0.01,0.001526,-31.56,0.25,-0.040302,0,0.001526,0.001526,0.001526,0.001526,0.001526
0.01,0.001526,-31.56,0.25,-0.017272,0,0.001526,0.001526,0.001526,0.001526,0.001526
0.01,0.001526,-31.56,0.125,-0.017272,0,0.001526,0.001526,0.001526,0.001526,0.001526
0.01,0.001526,-31.56,0.125,-0.017272,0,0.001526,0.001526,0.001526,0.001526,0.001526
0.01,0.001526,-31.58,0,0.028787,0,0.001526,0.001526,0.001526,0.001526,0.001526
0.01,0.001526,-31.58,-0.125,0.002879,0,0.001526,0.001526,0.001526,0.001526,0.001526
0.01,0.001526,-31.58,-0.125,0.002879,0,0.001526,0.001526,0.001526,0.001526,0.001526
0.01,0.001526,-31.58,-0.125,-0.017272,0,0.001526,0.001526,0.001526,0.001526,0.001526
0.01,0.001526,-31.58,0,0.025909,0,0.001526,0.001526,0.001526,0.001526,0.001526
0.01,0.001526,-31.58,0,0.028787,0,0.001526,0.001526,0.001526,0.001526,0.001526
0.01,0.001526,-31.58,0,0.028787,0,0.001526,0.001526,0.001526,0.001526,0.001526
0.01,0.001526,-31.58,0,-0.017272,0,0.001526,0.001526,0.001526,0.001526,0.001526
0.01,0.001526,-31.58,0,0.005757,0,0.001526,0.001526,0.001526,0.001526,0.001526
0.01,0.001526,-31.58,0,0.002879,0,0.001526,0.001526,0.001526,0.001526,0.001526
0.01,0.001526,-31.58,0,0.048938,0,0.001526,0.001526,0.001526,0.001526,0.001526
0.01,0.001526,-31.58,0,0.005757,0,0.001526,0.001526,0.001526,0.001526,0.001526
0.01,0.001526,-31.58,0,-0.063332,0,0.001526,0.001526,0.001526,0.001526,0.001526
0.01,0.001526,-31.58,0,-0.063332,0,0.001526,0.001526,0.001526,0.001526,0.001526
0.01,0.001526,-31.58,0,-0.063332,0,0.001526,0.001526,0.001526,0.001526,0.001526
0.01,0.001526,-31.58,0,0.048938,0,0.001526,0.001526,0.001526,0.001526,0.001526
0.01,0.001526,-31.58,0,-0.063332,0,0.001526,0.001526,0.001526,0.001526,0.001526
0.01,0.001526,-31.58,0,-0.063332,0,0.001526,0.001526,0.001526,0.001526,0.001526
0.01,0.001526,-31.58,0,-0.017272,0,0.001526,0.001526,0.001526,0.001526,0.001526
0.01,0.001526,-31.58,0,0.071968,0,0.001526,0.001526,0.001526,0.001526,0.001526
0.01,0.001526,-31.58,0,0.071968,0,0.001526,0.001526,0.001526,0.001526,0.001526
0.01,0.001526,-31.58,0,0.002879,0,0.001526,0.001526,0.001526,0.001526,0.001526
0.01,0.001526,-31.58,0,0.002879,0,0.001526,0.001526,0.001526,0.001526,0.001526
0.01,0.001526,-31.58,0,0.094998,0,0.001526,0.001526,0.001526,0.001526,0.001526
0.01,0.001526,-31.58,0,-0.040302,0,0.001526,0.001526,0.001526,0.001526,0.001526
0.01,0.001526,-31.58,0,0.005757,0,0.001526,0.001526,0.001526,0.001526,0.001526
0.01,0.001526,-31.58,0,0.002879,0,0.001526,0.001526,0.001526,0.001526,0.001526
0.01,0.001526,-31.58,0,0.025909,0,0.001526,0.001526,0.001526,0.001526,0.001526
0.01,0.001526,-31.58,0,0.002879,0,0.001526,0.001526,0.001526,0.001526,0.001526
0.01,0.001526,-31.58,0,-0.017272,0,0.001526,0.001526,0.001526,0.001526,0.001526
0.01,0.001526,-31.58,0,0.002879,0,0.001526,0.001526,0.001526,0.001526,0.001526
0.01,0.001526,-31.58,0,-0.017272,0,0.001526,0.001526,0.001526,0.001526,0.001526
0.01,0.001526,-31.58,0,-0.017272,0,0.001526,0.001526,0.001526,0.001526,0.001526
0.01,0.001526,-31.58,0,0.025909,0,0.001526,0.001526,0.001526,0.001526,0.001526
0.01,0.001526,-31.58,0,0.002879,0,0.001526,0.001526,0.001526,0.001526,0.001526
0.01,0.001526,-31.58,0,0.025909,0,0.001526,0.001526,0.001526,0.001526,0.001526
0.01,0.001526,-31.58,0,-0.017272,0,0.001526,0.001526,0.001526,0.001526,0.001526
0.01,0.001526,-31.58,0,-0.017272,0,0.001526,0.001526,0.001526,0.001526,0.001526
0.01,0.001526,-31.58,0,-0.017272,0,0.001526,0.001526,0.001526,0.001526,0.001526
0.01,0.001526,-31.58,0,0.002879,0,0.001526,0.001526,0.001526,0.001526,0.001526
0.01,0.001526,-31.58,0,-0.017272,0,0.001526,0.001526,0.001526,0.001526,0.001526
0.01,0.001526,-31.58,0,-0.017272,0,0.001526,0.001526,0.001526,0.001526,0.001526
0.01,0.001526,-31.58,0,0.025909,0,0.001526,0.001526,0.001526,0.001526,0.001526
0.01,0.001526,-31.58,0,-0.014394,0,0.001526,0.001526,0.001526,0.001526,0.001526
0.01,0.001526,-31.58,0,-0.017272,0,0.001526,0.001526,0.001526,0.001526,0.001526
0.01,0.001526,-31.58,0,-0.017272,0,0.001526,0.001526,0.001526,0.001526,0.001526
0.01,0.001526,-31.58,0,-0.017272,0,0.001526,0.001526,0.001526,0.001526,0.001526
0.01,0.001526,-31.58,0,-0.060453,0,0.001526,0.001526,0.001526,0.001526,0.001526
0.01,0.001526,-31.58,0,-0.060453,0,0.001526,0.001526,0.001526,0.001526,0.001526
0.01,0.001526,-31.58,0,0.025909,0,0.001526,0.001526,0.001526,0.001526,0.001526
0.01,0.001526,-31.58,0,0.002879,0,0.001526,0.001526,0.001526,0.001526,0.001526
0.01,0.001526,-31.58,0,0.002879,0,0.001526,0.001526,0.001526,0.001526,0.001526
0.01,0.001526,-31.58,0,-0.017272,0,0.001526,0.001526,0.001526,0.001526,0.001526
0.01,0.001526,-31.58,0,0.002879,0,0.001526,0.001526,0.001526,0.001526,0.001526
0.01,0.001526,-31.58,0,0.002879,0,0.001526,0.001526,0.001526,0.001526,0.001526
0.01,0.001526,-31.58,0,0.002879,0,0.001526,0.001526,0.001526,0.001526,0.001526
0.01,0.001526,-31.58,0,0.002879,0,0.001526,0.001526,0.001526,0.001526,0.001526
0.01,0.001526,-31.58,0,0.028787,0,0.001526,0.001526,0.001526,0.001526,0.001526
0.01,0.001526,-31.58,0,0.002879,0,0.001526,0.001526,0.001526,0.001526,0.001526
0.01,0.001526,-31.58,0,0.028787,0,0.001526,0.001526,0.001526,0.001526,0.001526
0.01,0.001526,-31.58,0,0.002879,0,0.001526,0.001526,0.001526,0.001526,0.001526
0.01,0.001526,-31.58,0,-0.017272,0,0.001526,0.001526,0.001526,0.001526,0.001526
0.01,0.001526,-31.58,0,0.002879,0,0.001526,0.001526,0.001526,0.001526,0.001526
0.01,0.001526,-31.58,0,0.002879,0,0.001526,0.001526,0.001526,0.001526,0.001526
0.01,0.001526,-31.58,0,0.002879,0,0.001526,0.001526,0.001526,0.001526,0.001526
0.01,0.001526,-31.58,0,0.002879,0,0.001526,0.001526,0.001526,0.001526,0.001526
0.01,0.001526,-31.58,0,0.002879,0,0.001526,0.001526,0.001526,0.001526,0.001526
0.01,0.001526,-31.58,0,0.051817,0,0.001526,0.001526,0.001526,0.001526,0.001526
0.01,0.001526,-31.58,0,0.097877,0,0.001526,0.001526,0.001526,0.001526,0.001526
0.01,0.001526,-31.58,0,-0.017272,0,0.001526,0.001526,0.001526,0.001526,0.001526
0.01,0.001526,-31.58,0,-0.063332,0,0.001526,0.001526,0.001526,0.001526,0.001526
0.01,0.001526,-31.58,0,0.025909,0,0.001526,0.001526,0.001526,0.001526,0.001526
0.01,0.001526,-31.58,0,0.051817,0,0.001526,0.001526,0.001526,0.001526,0.001526
0.01,0.001526,-31.58,0,0.074847,0,0.001526,0.001526,0.001526,0.001526,0.001526
0.01,0.001526,-31.58,0,0.005757,0,0.001526,0.001526,0.001526,0.001526,0.001526
0.01,0.001526,-31.58,0,-0.040302,0,0.001526,0.001526,0.001526,0.001526,0.001526
0.01,0.001526,-31.58,0,0.025909,0,0.001526,0.001526,0.001526,0.001526,0.001526
0.01,0.001526,-31.58,0,-0.040302,0,0.001526,0.001526,0.001526,0.001526,0.001526
0.01,0.001526,-31.58,0,0.002879,0,0.001526,0.001526,0.001526,0.001526,0.001526
0.01,0.001526,-31.58,0,0.002879,0,0.001526,0.001526,0.001526,0.001526,0.001526
0.01,0.001526,-31.58,0,0.028787,0,0.001526,0.001526,0.001526,0.001526,0.001526
0.01,0.001526,-31.58,0,0.048938,0,0.001526,0.001526,0.001526,0.001526,0.001526
0.01,0.001526,-31.58,0,0.071968,0,0.001526,0.001526,0.001526,0.001526,0.001526
0.01,0.001526,-31.58,0,0.002879,0,0.001526,0.001526,0.001526,0.001526,0.001526
0.01,0.001526,-31.58,0,-0.063332,0,0.001526,0.001526,0.001526,0.001526,0.001526
0.01,0.001526,-31.58,0,-0.086362,0,0.001526,0.001526,0.001526,0.001526,0.001526
0.01,0.001526,-31.58,0,-0.017272,0,0.001526,0.001526,0.001526,0.001526,0.001526
0.01,0.001526,-31.58,0,0.074847,0,0.001526,0.001526,0.001526,0.001526,0.001526
0.01,0.001526,-31.58,0,0.143937,0,0.001526,0.001526,0.001526,0.001526,0.001526
0.02,20,-31.58,0,0.025909,0,0.001526,0.001526,0.001526,0.001526,0.001526
0.03,19.166857,-31.58,0,0.097877,0,0.001526,0.001526,0.001526,0.001526,0.001526
0.04,18.333715,-31.58,0,-0.017272,0,0.001526,0.001526,0.001526,0.001526,0.001526
0.05,17.500572,-31.58,0,-0.017272,0,0.001526,0.001526,0.001526,0.001526,0.001526
0.06,16.66743,-31.58,0,0.025909,0,0.001526,0.001526,0.001526,0.001526,0.001526
0.07,15.834287,-31.58,0,-0.017272,0,0.001526,0.001526,0.001526,0.001526,0.001526
0.08,15.001144,-31.58,0,0.028787,0,0.001526,0.001526,0.001526,0.001526,0.001526
0.09,14.16495,-31.58,0,0.028787,0,0.001526,0.001526,0.001526,0.001526,0.001526
0.1,13.331807,-31.58,0,0.002879,0,0.001526,0.001526,0.001526,0.001526,0.001526
0.1,13.331807,-31.58,0,0.002879,0,0.001526,0.001526,0.001526,0.001526,0.001526
0.11,12.498665,-31.58,0,0.002879,0,0.001526,0.001526,0.001526,0.001526,0.001526
0.12,11.665522,-31.58,0,-0.017272,0,0.001526,0.001526,0.001526,0.001526,0.001526
0.13,10.83238,-31.58,0,-0.017272,0,0.001526,0.001526,0.001526,0.001526,0.001526
0.14,9.999237,-31.58,0,0.002879,0,0.001526,0.001526,0.001526,0.001526,0.001526
0.15,9.166094,-31.58,0,0.002879,0,0.001526,0.001526,0.001526,0.001526,0.001526
0.16,8.332952,-31.58,0,0.002879,0,0.001526,0.001526,0.001526,0.001526,0.001526
0.17,7.499809,-31.58,0,-0.017272,0,0.001526,0.001526,0.001526,0.001526,0.001526
0.18,6.666667,-31.58,0,0.002879,0,0.001526,0.001526,0.001526,0.001526,0.001526
0.19,5.833524,-31.58,0,0.028787,0,0.001526,0.001526,0.001526,0.001526,0.001526
0.2,5.000381,-31.58,0,-0.017272,0,0.001526,0.001526,0.001526,0.001526,0.001526
0.21,4.167239,-31.58,0,0.002879,0,0.001526,0.001526,0.001526,0.001526,0.001526
0.22,3.334096,-31.58,0,-0.017272,0,0.001526,0.001526,0.001526,0.001526,0.001526
0.23,2.500954,-31.58,0,0.051817,0,0.001526,0.001526,0.001526,0.001526,0.001526
0.24,1.667811,-31.58,0,0.002879,0,0.001526,0.001526,0.001526,0.001526,0.001526
0.25,0.834668,-31.58,0,0.002879,0,0.001526,0.001526,0.001526,0.001526,0.001526
0.26,0.001526,-31.58,0,0.002879,0,0.001526,0.001526,0.001526,0.001526,0.001526
0.26,0.001526,-31.58,0,0.002879,0,0.001526,0.001526,0.001526,0.001526,0.001526
0.27,0.001526,-31.58,0,0.002879,0,0.001526,0.001526,0.001526,0.001526,0.001526
0.28,0.001526,-31.58,0,-0.017272,0,0.001526,0.001526,0.001526,0.001526,0.001526
0.29,0.001526,-31.58,0,0.002879,0,0.001526,0.001526,0.001526,0.001526,0.001526
0.3,0.001526,-31.58,0,-0.017272,0,0.001526,0.001526,0.001526,0.001526,0.001526
0.31,0.001526,-31.58,0,0.028787,0,0.001526,0.001526,0.001526,0.001526,0.001526
0.32,0.001526,-31.58,0,0.002879,0,0.001526,0.001526,0.001526,0.001526,0.001526
0.33,0.001526,-31.58,0,0.028787,0,0.001526,0.001526,0.001526,0.001526,0.001526
0.34,0.001526,-31.58,0,0.025909,0,0.001526,0.001526,0.001526,0.001526,0.001526
0.35,0.001526,-31.58,0,0.002879,0,0.001526,0.001526,0.001526,0.001526,0.001526
0.36,0.001526,-31.58,0,0.005757,0,0.001526,0.001526,0.001526,0.001526,0.001526
0.37,0.001526,-31.58,0,0.025909,0,0.001526,0.001526,0.001526,0.001526,0.001526
0.38,0.001526,-31.58,0,0.002879,0,0.001526,0.001526,0.001526,0.001526,0.001526
0.39,0.001526,-31.58,0,0.028787,0,0.001526,0.001526,0.001526,0.001526,0.001526
0.4,0.001526,-31.58,0,0.025909,0,0.001526,0.001526,0.001526,0.001526,0.001526
0.41,0.001526,-31.58,0,-0.040302,0,0.001526,0.001526,0.001526,0.001526,0.001526
0.42,0.001526,-31.58,0,0.051817,0,0.001526,0.001526,0.001526,0.001526,0.001526
0.42,0.001526,-31.58,0,0.051817,0,0.001526,0.001526,0.001526,0.001526,0.001526
0.43,0.001526,-31.58,0,0.028787,0,0.001526,0.001526,0.001526,0.001526,0.001526
0.44,0.001526,-31.58,0,0.025909,0,0.001526,0.001526,0.001526,0.001526,0.001526
0.45,0.001526,-31.58,0,-0.017272,0,0.001526,0.001526,0.001526,0.001526,0.001526
0.46,0.001526,-31.58,0,0.002879,0,0.001526,0.001526,0.001526,0.001526,0.001526
0.47,0.001526,-31.58,0,-0.040302,0,0.001526,0.001526,0.001526,0.001526,0.001526
0.48,0.001526,-31.58,0,0.028787,0,0.001526,0.001526,0.001526,0.001526,0.001526
0.49,0.001526,-31.58,0,0.048938,0,0.001526,0.001526,0.001526,0.001526,0.001526
0.5,0.001526,-31.58,0,0.002879,0,0.001526,0.001526,0.001526,0.001526,0.001526
0.51,0.001526,-31.58,0,-0.014394,0,0.001526,0.001526,0.001526,0.001526,0.001526
0.52,0.001526,-31.58,0,0.005757,0,0.001526,0.001526,0.001526,0.001526,0.001526
0.53,0.001526,-31.58,0,-0.017272,0,0.001526,0.001526,0.001526,0.001526,0.001526
0.54,0.001526,-31.58,0,0.048938,0,0.001526,0.001526,0.001526,0.001526,0.001526
0.55,0.001526,-31.58,0,0.002879,0,0.001526,0.001526,0.001526,0.001526,0.001526
0.56,0.001526,-31.58,0,0.005757,0,0.001526,0.001526,0.001526,0.001526,0.001526
0.57,0.001526,-31.58,0,-0.017272,0,0.001526,0.001526,0.001526,0.001526,0.001526
0.58,0.001526,-31.58,0,-0.017272,0,0.001526,0.001526,0.001526,0.001526,0.001526
0.59,0.001526,-31.58,0,-0.017272,0,0.001526,0.001526,0.001526,0.001526,0.001526
0.6,0.001526,-31.58,0,0.071968,0,0.001526,0.001526,0.001526,0.001526,0.001526
0.61,0.001526,-31.58,0,0.002879,0,0.001526,0.001526,0.001526,0.001526,0.001526
0.62,0.001526,-31.58,0,-0.017272,0,0.001526,0.001526,0.001526,0.001526,0.001526
0.63,0.001526,-31.58,0,0.005757,0,0.001526,0.001526,0.001526,0.001526,0.001526
0.64,0.001526,-31.58,0,-0.014394,0,0.001526,0.001526,0.001526,0.001526,0.001526
0.65,0.001526,-31.58,0,-0.037424,0,0.001526,0.001526,0.001526,0.001526,0.001526
0.66,0.001526,-31.58,0,0.002879,0,0.001526,0.001526,0.001526,0.001526,0.001526
0.67,0.001526,-31.58,0,0.002879,0,0.001526,0.001526,0.001526,0.001526,0.001526
0.68,0.001526,-31.58,0,0.025909,0,0.001526,0.001526,0.001526,0.001526,0.001526
0.69,0.001526,-31.58,0,0.002879,0,0.001526,0.001526,0.001526,0.001526,0.001526
0.7,0.001526,-31.58,0,0.028787,0,0.001526,0.001526,0.001526,0.001526,0.001526
0.71,0.001526,-31.58,0,0.002879,0,0.001526,0.001526,0.001526,0.001526,0.001526
0.72,0.001526,-31.58,0,0.002879,0,0.001526,0.001526,0.001526,0.001526,0.001526
0.73,0.001526,-31.58,0,0.005757,0,0.001526,0.001526,0.001526,0.001526,0.001526
0.74,0.001526,-31.58,0,0.002879,0,0.001526,0.001526,0.001526,0.001526,0.001526
0.74,0.001526,-31.58,0,0.002879,0,0.001526,0.001526,0.001526,0.001526,0.001526
0.75,0.001526,-31.58,0,-0.060453,0,0.001526,0.001526,0.001526,0.001526,0.001526
0.76,0.001526,-31.58,0,0.002879,0,0.001526,0.001526,0.001526,0.001526,0.001526
0.77,0.001526,-31.58,0,0.071968,0,0.001526,0.001526,0.001526,0.001526,0.001526
0.78,0.001526,-31.58,0,-0.063332,0,0.001526,0.001526,0.001526,0.001526,0.001526
0.79,0.001526,-31.58,0,-0.040302,0,0.001526,0.001526,0.001526,0.001526,0.001526
0.8,0.001526,-31.58,0,0.002879,0,0.001526,0.001526,0.001526,0.001526,0.001526
0.81,0.001526,-31.58,0,0.002879,0,0.001526,0.001526,0.001526,0.001526,0.001526
0.82,0.001526,-31.58,0,0.002879,0,0.001526,0.001526,0.001526,0.001526,0.001526
0.83,0.001526,-31.58,0,0.002879,0,0.001526,0.001526,0.001526,0.001526,0.001526
0.84,0.001526,-31.58,0,0.028787,0,0.001526,0.001526,0.001526,0.001526,0.001526
0.85,0.001526,-31.58,0,0.002879,0,0.001526,0.001526,0.001526,0.001526,0.001526
0.86,0.001526,-31.58,0,-0.040302,0,0.001526,0.001526,0.001526,0.001526,0.001526
0.87,0.001526,-31.58,0,0.002879,0,0.001526,0.001526,0.001526,0.001526,0.001526
0.88,0.001526,-31.58,0,0.028787,0,0.001526,0.001526,0.001526,0.001526,0.001526
0.89,0.001526,-31.58,0,0.002879,0,0.001526,0.001526,0.001526,0.001526,0.001526
0.9,0.001526,-31.58,0,0.028787,0,0.001526,0.001526,0.001526,0.001526,0.001526
0.91,0.001526,-31.58,0,0.051817,0,0.001526,0.001526,0.001526,0.001526,0.001526
0.92,0.001526,-31.58,0,0.074847,0,0.001526,0.001526,0.001526,0.001526,0.001526
0.93,0.001526,-31.58,0,0.002879,0,0.001526,0.001526,0.001526,0.001526,0.001526
0.94,0.001526,-31.58,0,0.028787,0,0.001526,0.001526,0.001526,0.001526,0.001526
0.95,0.001526,-31.58,0,0.028787,0,0.001526,0.001526,0.001526,0.001526,0.001526
0.96,0.001526,-31.58,0,-0.017272,0,0.001526,0.001526,0.001526,0.001526,0.001526
0.97,0.001526,-31.58,0,-0.063332,0,0.001526,0.001526,0.001526,0.001526,0.001526
0.98,0.001526,-31.58,0,0.002879,0,0.001526,0.001526,0.001526,0.001526,0.001526
0.99,0.001526,-31.58,0,0.028787,0,0.001526,0.001526,0.001526,0.001526,0.001526
1,0.001526,-31.58,0,0.025909,0,0.001526,0.001526,0.001526,0.001526,0.001526
1.01,0.001526,-31.58,0,0.005757,0,0.001526,0.001526,0.001526,0.001526,0.001526
1.02,0.001526,-31.58,0,0.002879,0,0.001526,0.001526,0.001526,0.001526,0.001526
1.03,0.001526,-31.58,0,0.002879,0,0.001526,0.001526,0.001526,0.001526,0.001526
1.04,0.001526,-31.58,0,0.028787,0,0.001526,0.001526,0.001526,0.001526,0.001526
1.05,0.001526,-31.58,0,0.002879,0,0.001526,0.001526,0.001526,0.001526,0.001526
1.06,0.001526,-31.58,0,0.028787,0,0.001526,0.001526,0.001526,0.001526,0.001526
1.06,0.001526,-31.58,0,0.028787,0,0.001526,0.001526,0.001526,0.001526,0.001526
1.07,0.001526,-31.58,0,-0.017272,0,0.001526,0.001526,0.001526,0.001526,0.001526
1.08,0.001526,-31.58,0,0.002879,0,0.001526,0.001526,0.001526,0.001526,0.001526
1.09,0.001526,-31.58,0,0.002879,0,0.001526,0.001526,0.001526,0.001526,0.001526
1.1,0.001526,-31.58,0,0.051817,0,0.001526,0.001526,0.001526,0.001526,0.001526
1.11,0.001526,-31.58,0,-0.017272,0,0.001526,0.001526,0.001526,0.001526,0.001526
1.12,0.001526,-31.58,0,0.002879,0,0.001526,0.001526,0.001526,0.001526,0.001526
1.13,0.001526,-31.58,0,0.002879,0,0.001526,0.001526,0.001526,0.001526,0.001526
1.14,0.001526,-31.58,0,0.002879,0,0.001526,0.001526,0.001526,0.001526,0.001526
1.15,0.001526,-31.58,0,0.002879,0,0.001526,0.001526,0.001526,0.001526,0.001526
1.16,0.001526,-31.58,0,0.051817,0,0.001526,0.001526,0.001526,0.001526,0.001526
1.17,0.001526,-31.58,0,0.002879,0,0.001526,0.001526,0.001526,0.001526,0.001526
1.18,0.001526,-31.58,0,0.002879,0,0.001526,0.001526,0.001526,0.001526,0.001526
1.19,0.001526,-31.58,0,0.002879,0,0.001526,0.001526,0.001526,0.001526,0.001526
1.2,0.001526,-31.58,0,-0.017272,0,0.001526,0.001526,0.001526,0.001526,0.001526
1.21,0.001526,-31.58,0,0.002879,0,0.001526,0.001526,0.001526,0.001526,0.001526
1.22,0.001526,-31.58,0,0.002879,0,0.001526,0.001526,0.001526,0.001526,0.001526
1.23,0.001526,-31.58,0,0.002879,0,0.001526,0.001526,0.001526,0.001526,0.001526
1.24,0.001526,-31.58,0,0.028787,0,0.001526,0.001526,0.001526,0.001526,0.001526
1.25,0.001526,-31.58,0,-0.017272,0,0.001526,0.001526,0.001526,0.001526,0.001526
1.26,0.001526,-31.58,0,0.002879,0,0.001526,0.001526,0.001526,0.001526,0.001526
1.27,0.001526,-31.58,0,0.002879,0,0.001526,0.001526,0.001526,0.001526,0.001526
1.28,0.001526,-31.58,0,0.025909,0,0.001526,0.001526,0.001526,0.001526,0.001526
1.29,0.001526,-31.58,0,0.005757,0,0.001526,0.001526,0.001526,0.001526,0.001526
1.3,0.001526,-31.58,0,0.025909,0,0.001526,0.001526,0.001526,0.001526,0.001526
1.31,0.001526,-31.58,0,-0.017272,0,0.001526,0.001526,0.001526,0.001526,0.001526
1.32,0.001526,-31.58,0,0.005757,0,0.001526,0.001526,0.001526,0.001526,0.001526
1.33,0.001526,-31.58,0,0.025909,0,0.001526,0.001526,0.001526,0.001526,0.001526
1.34,0.001526,-31.58,0,0.002879,0,0.001526,0.001526,0.001526,0.001526,0.001526
1.35,0.001526,-31.58,0,0.002879,0,0.001526,0.001526,0.001526,0.001526,0.001526
1.36,0.001526,-31.58,0,0.002879,0,0.001526,0.001526,0.001526,0.001526,0.001526
1.37,0.001526,-31.58,0,-0.017272,0,0.001526,0.001526,0.001526,0.001526,0.001526
1.38,0.001526,-31.58,0,0.028787,0,0.001526,0.001526,0.001526,0.001526,0.001526
1.38,0.001526,-31.58,0,0.028787,0,0.001526,0.001526,0.001526,0.001526,0.001526
1.39,0.001526,-31.58,0,0.025909,0,0.001526,0.001526,0.001526,0.001526,0.001526
1.4,0.001526,-31.58,0,0.028787,0,0.001526,0.001526,0.001526,0.001526,0.001526
1.41,0.001526,-31.58,0,-0.017272,0,0.001526,0.001526,0.001526,0.001526,0.001526
1.42,0.001526,-31.58,0,0.002879,0,0.001526,0.001526,0.001526,0.001526,0.001526
1.43,0.001526,-31.58,0,0.002879,0,0.001526,0.001526,0.001526,0.001526,0.001526
1.44,0.001526,-31.58,0,0.002879,0,0.001526,0.001526,0.001526,0.001526,0.001526
1.45,0.001526,-31.58,0,0.002879,0,0.001526,0.001526,0.001526,0.001526,0.001526
1.46,0.001526,-31.58,0,0.002879,0,0.001526,0.001526,0.001526,0.001526,0.001526
1.47,0.001526,-31.58,0,0.002879,0,0.001526,0.001526,0.001526,0.001526,0.001526
1.48,0.001526,-31.58,0,-0.040302,0,0.001526,0.001526,0.001526,0.001526,0.001526
1.49,0.001526,-31.58,0,0.005757,0,0.001526,0.001526,0.001526,0.001526,0.001526
1.5,0.001526,-31.58,0,0.025909,0,0.001526,0.001526,0.001526,0.001526,0.001526
1.51,0.001526,-31.58,0,0.002879,0,0.001526,0.001526,0.001526,0.001526,0.001526
1.52,0.001526,-31.58,0,0.005757,0,0.001526,0.001526,0.001526,0.001526,0.001526
1.53,0.001526,-31.58,0,0.002879,0,0.001526,0.001526,0.001526,0.001526,0.001526
1.54,0.001526,-31.58,0,0.002879,0,0.001526,0.001526,0.001526,0.001526,0.001526
1.54,0.001526,-31.58,0,0.002879,0,0.001526,0.001526,0.001526,0.001526,0.001526
1.55,0.001526,-31.58,0,0.005757,0,0.001526,0.001526,0.001526,0.001526,0.001526
1.56,0.001526,-31.58,0,0.002879,0,0.001526,0.001526,0.001526,0.001526,0.001526
1.57,0.001526,-31.58,0,0.028787,0,0.001526,0.001526,0.001526,0.001526,0.001526
1.58,0.001526,-31.58,0,0.005757,0,0.001526,0.001526,0.001526,0.001526,0.001526
1.59,0.001526,-31.58,0,-0.040302,0,0.001526,0.001526,0.001526,0.001526,0.001526
1.6,0.001526,-31.58,0,0.005757,0,0.001526,0.001526,0.001526,0.001526,0.001526
1.61,0.001526,-31.58,0,0.051817,0,0.001526,0.001526,0.001526,0.001526,0.001526
1.62,0.001526,-31.58,0,0.074847,0,0.001526,0.001526,0.001526,0.001526,0.001526
1.63,0.001526,-31.58,0,-0.017272,0,0.001526,0.001526,0.001526,0.001526,0.001526
1.64,0.001526,-31.58,0,0.074847,0,0.001526,0.001526,0.001526,0.001526,0.001526
1.65,0.001526,-31.58,0,0.002879,0,0.001526,0.001526,0.001526,0.001526,0.001526
1.66,0.001526,-31.58,0,0.048938,0,0.001526,0.001526,0.001526,0.001526,0.001526
1.67,0.001526,-31.58,0,-0.040302,0,0.001526,0.001526,0.001526,0.001526,0.001526
1.68,0.001526,-31.58,0,0.002879,0,0.001526,0.001526,0.001526,0.001526,0.001526
1.69,0.001526,-31.58,0,-0.017272,0,0.001526,0.001526,0.001526,0.001526,0.001526
1.7,0.001526,-31.58,0,0.051817,0,0.001526,0.001526,0.001526,0.001526,0.001526
1.7,0.001526,-31.58,0,0.051817,0,0.001526,0.001526,0.001526,0.001526,0.001526
1.71,0.001526,-31.58,0,0.002879,0,0.001526,0.001526,0.001526,0.001526,0.001526
1.72,0.001526,-31.58,0,0.028787,0,0.001526,0.001526,0.001526,0.001526,0.001526
1.73,0.001526,-31.58,0,-0.040302,0,0.001526,0.001526,0.001526,0.001526,0.001526
1.74,0.001526,-31.58,0,-0.017272,0,0.001526,0.001526,0.001526,0.001526,0.001526
1.75,0.001526,-31.58,0,0.074847,0,0.001526,0.001526,0.001526,0.001526,0.001526
1.76,0.001526,-31.58,0,0.028787,0,0.001526,0.001526,0.001526,0.001526,0.001526
1.77,0.001526,-31.58,0,-0.014394,0,0.001526,0.001526,0.001526,0.001526,0.001526
1.78,0.001526,-31.58,0,-0.040302,0,0.001526,0.001526,0.001526,0.001526,0.001526
1.79,0.001526,-31.58,0,-0.017272,0,0.001526,0.001526,0.001526,0.001526,0.001526
1.8,0.001526,-31.58,0,-0.017272,0,0.001526,0.001526,0.001526,0.001526,0.001526
1.81,0.001526,-31.58,0,0.002879,0,0.001526,0.001526,0.001526,0.001526,0.001526
1.82,0.001526,-31.58,0,0.002879,0,0.001526,0.001526,0.001526,0.001526,0.001526
1.83,0.001526,-31.58,0,0.028787,0,0.001526,0.001526,0.001526,0.001526,0.001526
1.84,0.001526,-31.58,0,0.028787,0,0.001526,0.001526,0.001526,0.001526,0.001526
1.85,0.001526,-31.58,0,-0.040302,0,0.001526,0.001526,0.001526,0.001526,0.001526
1.86,0.001526,-31.58,0,-0.014394,0,0.001526,0.001526,0.001526,0.001526,0.001526
1.87,0.001526,-31.58,0,-0.040302,0,0.001526,0.001526,0.001526,0.001526,0.001526
1.88,0.001526,-31.58,0,-0.040302,0,0.001526,0.001526,0.001526,0.001526,0.001526
1.89,0.001526,-31.58,0,0.097877,0,0.001526,0.001526,0.001526,0.001526,0.001526
1.9,0.001526,-31.58,0,0.074847,0,0.001526,0.001526,0.001526,0.001526,0.001526
1.91,0.001526,-31.58,0,-0.086362,0,0.001526,0.001526,0.001526,0.001526,0.001526
1.92,0.001526,-31.58,0,0.002879,0,0.001526,0.001526,0.001526,0.001526,0.001526
1.93,0.001526,-31.58,0,0.002879,0,0.001526,0.001526,0.001526,0.001526,0.001526
1.94,0.001526,-31.58,0,0.028787,0,0.001526,0.001526,0.001526,0.001526,0.001526
1.95,0.001526,-31.58,0,-0.017272,0,0.001526,0.001526,0.001526,0.001526,0.001526
1.96,0.001526,-31.58,0,0.002879,0,0.001526,0.001526,0.001526,0.001526,0.001526
1.97,0.001526,-31.58,0,-0.040302,0,0.001526,0.001526,0.001526,0.001526,0.001526
1.98,0.001526,-31.58,0,0.002879,0,0.001526,0.001526,0.001526,0.001526,0.001526
1.99,0.001526,-31.58,0,0.028787,0,0.001526,0.001526,0.001526,0.001526,0.001526
2,0.001526,-31.58,0,-0.017272,0,0.001526,0.001526,0.001526,0.001526,0.001526
2.01,0.001526,-31.58,0,0.002879,0,0.001526,0.001526,0.001526,0.001526,0.001526
2.02,0.001526,-31.58,0,-0.040302,0,0.001526,0.001526,0.001526,0.001526,0.001526
2.02,0.001526,-31.58,0,-0.040302,0,0.001526,0.001526,0.001526,0.001526,0.001526
2.03,0.001526,-31.58,0,0.028787,0,0.001526,0.001526,0.001526,0.001526,0.001526
2.04,0.001526,-31.58,0,0.002879,0,0.001526,0.001526,0.001526,0.001526,0.001526
2.05,0.001526,-31.58,0,-0.017272,0,0.001526,0.001526,0.001526,0.001526,0.001526
2.06,0.001526,-31.58,0,0.002879,0,0.001526,0.001526,0.001526,0.001526,0.001526
2.07,0.001526,-31.58,0,0.005757,0,0.001526,0.001526,0.001526,0.001526,0.001526
2.08,0.001526,-31.58,0,0.028787,0,0.001526,0.001526,0.001526,0.001526,0.001526
2.09,0.001526,-31.58,0,-0.017272,0,0.001526,0.001526,0.001526,0.001526,0.001526
2.1,0.001526,-31.58,0,-0.014394,0,0.001526,0.001526,0.001526,0.001526,0.001526
2.11,0.001526,-31.58,0,0.051817,0,0.001526,0.001526,0.001526,0.001526,0.001526
2.12,0.001526,-31.58,0,-0.017272,0,0.001526,0.001526,0.001526,0.001526,0.001526
2.13,0.001526,-31.58,0,0.002879,0,0.001526,0.001526,0.001526,0.001526,0.001526
2.14,0.001526,-31.58,0,0.071968,0,0.001526,0.001526,0.001526,0.001526,0.001526
2.15,0.001526,-31.58,0,-0.017272,0,0.001526,0.001526,0.001526,0.001526,0.001526
2.16,0.001526,-31.58,0,-0.063332,0,0.001526,0.001526,0.001526,0.001526,0.001526
2.17,0.001526,-31.58,0,0.097877,0,0.001526,0.001526,0.001526,0.001526,0.001526
2.18,0.001526,-31.58,0,0.028787,0,0.001526,0.001526,0.001526,0.001526,0.001526
2.18,0.001526,-31.58,0,0.028787,0,0.001526,0.001526,0.001526,0.001526,0.001526
2.19,0.001526,-31.58,0,0.097877,0,0.001526,0.001526,0.001526,0.001526,0.001526
2.2,0.001526,-31.58,0,-0.040302,0,0.001526,0.001526,0.001526,0.001526,0.001526
2.21,0.001526,-31.58,0,0.002879,0,0.001526,0.001526,0.001526,0.001526,0.001526
2.22,0.001526,-31.58,0,0.002879,0,0.001526,0.001526,0.001526,0.001526,0.001526
2.23,0.001526,-31.58,0,0.002879,0,0.001526,0.001526,0.001526,0.001526,0.001526
2.24,0.001526,-31.58,0,0.028787,0,0.001526,0.001526,0.001526,0.001526,0.001526
2.25,0.001526,-31.58,0,0.051817,0,0.001526,0.001526,0.001526,0.001526,0.001526
2.26,0.001526,-31.58,0,-0.017272,0,0.001526,0.001526,0.001526,0.001526,0.001526
2.27,0.001526,-31.58,0,0.002879,0,0.001526,0.001526,0.001526,0.001526,0.001526
2.28,0.001526,-31.58,0,0.002879,0,0.001526,0.001526,0.001526,0.001526,0.001526
2.29,0.001526,-31.58,0,0.002879,0,0.001526,0.001526,0.001526,0.001526,0.001526
2.3,0.001526,-31.58,0,0.002879,0,0.001526,0.001526,0.001526,0.001526,0.001526
2.31,0.001526,-31.58,0,-0.017272,0,0.001526,0.001526,0.001526,0.001526,0.001526
2.32,0.001526,-31.58,0,0.002879,0,0.001526,0.001526,0.001526,0.001526,0.001526
2.33,0.001526,-31.58,0,0.002879,0,0.001526,0.001526,0.001526,0.001526,0.001526
2.34,0.001526,-31.58,0,0.005757,0,0.001526,0.001526,0.001526,0.001526,0.001526
2.35,0.001526,-31.58,0,0.025909,0,0.001526,0.001526,0.001526,0.001526,0.001526
2.36,0.001526,-31.58,0,0.002879,0,0.001526,0.001526,0.001526,0.001526,0.001526
2.37,0.001526,-31.58,0,0.028787,0,0.001526,0.001526,0.001526,0.001526,0.001526
2.38,0.001526,-31.58,0,-0.155452,0,0.001526,0.001526,0.001526,0.001526,0.001526
2.39,0.001526,-31.58,0,0.074847,0,0.001526,0.001526,0.001526,0.001526,0.001526
2.4,0.001526,-31.58,0,0.051817,0,0.001526,0.001526,0.001526,0.001526,0.001526
2.41,0.001526,-31.58,0,0.094998,0,0.001526,0.001526,0.001526,0.001526,0.001526
2.42,0.001526,-31.58,0,0.094998,0,0.001526,0.001526,0.001526,0.001526,0.001526
2.43,0.001526,-31.58,0,0.025909,0,0.001526,0.001526,0.001526,0.001526,0.001526
2.44,0.001526,-31.58,0,-0.014394,0,0.001526,0.001526,0.001526,0.001526,0.001526
2.45,0.001526,-31.58,0,0.025909,0,0.001526,0.001526,0.001526,0.001526,0.001526
2.46,0.001526,-31.58,0,0.002879,0,0.001526,0.001526,0.001526,0.001526,0.001526
2.47,0.001526,-31.58,0,0.074847,0,0.001526,0.001526,0.001526,0.001526,0.001526
2.48,0.001526,-31.58,0,-0.132422,0,0.001526,0.001526,0.001526,0.001526,0.001526
2.49,0.001526,-31.58,0,0.025909,0,0.001526,0.001526,0.001526,0.001526,0.001526
2.5,0.001526,-31.58,0,0.005757,0,0.001526,0.001526,0.001526,0.001526,0.001526
2.51,0.001526,-31.58,0,-0.017272,0,0.001526,0.001526,0.001526,0.001526,0.001526
2.52,0.001526,-31.58,0,0.097877,0,0.001526,0.001526,0.001526,0.001526,0.001526
2.53,0.001526,-31.58,0,0.002879,0,0.001526,0.001526,0.001526,0.001526,0.001526
2.54,0.001526,-31.58,0,0.025909,0,0.001526,0.001526,0.001526,0.001526,0.001526
2.55,0.001526,-31.58,0,0.002879,0,0.001526,0.001526,0.001526,0.001526,0.001526
2.56,0.001526,-31.58,0,0.005757,0,0.001526,0.001526,0.001526,0.001526,0.001526
2.57,0.001526,-31.58,0,-0.017272,0,0.001526,0.001526,0.001526,0.001526,0.001526
2.58,0.001526,-31.58,0,-0.040302,0,0.001526,0.001526,0.001526,0.001526,0.001526
2.59,0.001526,-31.58,0,0.051817,0,0.001526,0.001526,0.001526,0.001526,0.001526
2.6,0.001526,-31.58,0,0.002879,0,0.001526,0.001526,0.001526,0.001526,0.001526
2.61,0.001526,-31.58,0,-0.017272,0,0.001526,0.001526,0.001526,0.001526,0.001526
2.62,0.001526,-31.58,0,0.002879,0,0.001526,0.001526,0.001526,0.001526,0.001526
2.63,0.001526,-31.58,0,-0.017272,0,0.001526,0.001526,0.001526,0.001526,0.001526
2.64,0.001526,-31.58,0,-0.040302,0,0.001526,0.001526,0.001526,0.001526,0.001526
2.65,0.001526,-31.58,0,0.028787,0,0.001526,0.001526,0.001526,0.001526,0.001526
2.66,0.001526,-31.58,0,0.002879,0,0.001526,0.001526,0.001526,0.001526,0.001526
2.66,0.001526,-31.58,0,0.002879,0,0.001526,0.001526,0.001526,0.001526,0.001526
2.67,0.001526,-31.58,0,0.051817,0,0.001526,0.001526,0.001526,0.001526,0.001526
2.68,0.001526,-31.58,0,0.051817,0,0.001526,0.001526,0.001526,0.001526,0.001526
2.69,0.001526,-31.58,0,0.005757,0,0.001526,0.001526,0.001526,0.001526,0.001526
2.7,0.001526,-31.58,0,-0.063332,0,0.001526,0.001526,0.001526,0.001526,0.001526
2.71,0.001526,-31.58,0,-0.063332,0,0.001526,0.001526,0.001526,0.001526,0.001526
2.72,0.001526,-31.58,0,0.002879,0,0.001526,0.001526,0.001526,0.001526,0.001526
2.73,0.001526,-31.58,0,-0.040302,0,0.001526,0.001526,0.001526,0.001526,0.001526
2.74,0.001526,-31.58,0,0.002879,0,0.001526,0.001526,0.001526,0.001526,0.001526
2.75,0.001526,-31.58,0,0.048938,0,0.001526,0.001526,0.001526,0.001526,0.001526
2.76,0.001526,-31.58,0,0.002879,0,0.001526,0.001526,0.001526,0.001526,0.001526
2.77,0.001526,-31.58,0,0.002879,0,0.001526,0.001526,0.001526,0.001526,0.001526
2.78,0.001526,-31.58,0,0.002879,0,0.001526,0.001526,0.001526,0.001526,0.001526
2.79,0.001526,-31.58,0,0.028787,0,0.001526,0.001526,0.001526,0.001526,0.001526
2.8,0.001526,-31.58,0,0.002879,0,0.001526,0.001526,0.001526,0.001526,0.001526
2.81,0.001526,-31.58,0,0.002879,0,0.001526,0.001526,0.001526,0.001526,0.001526
2.82,0.001526,-31.58,0,0.071968,0,0.001526,0.001526,0.001526,0.001526,0.001526
2.82,0.001526,-31.58,0,0.071968,0,0.001526,0.001526,0.001526,0.001526,0.001526
2.83,0.001526,-31.58,0,-0.017272,0,0.001526,0.001526,0.001526,0.001526,0.001526
2.84,0.001526,-31.58,0,0.051817,0,0.001526,0.001526,0.001526,0.001526,0.001526
2.85,0.001526,-31.58,0,0.028787,0,0.001526,0.001526,0.001526,0.001526,0.001526
2.86,0.001526,-31.58,0,-0.109392,0,0.001526,0.001526,0.001526,0.001526,0.001526
2.87,0.001526,-31.58,0,-0.040302,0,0.001526,0.001526,0.001526,0.001526,0.001526
2.88,0.001526,-31.58,0,-0.017272,0,0.001526,0.001526,0.001526,0.001526,0.001526
2.89,0.001526,-31.58,0,0.025909,0,0.001526,0.001526,0.001526,0.001526,0.001526
2.9,0.001526,-31.58,0,0.051817,0,0.001526,0.001526,0.001526,0.001526,0.001526
2.91,0.001526,-31.58,0,0.028787,0,0.001526,0.001526,0.001526,0.001526,0.001526
2.92,0.001526,-31.58,0,0.028787,0,0.001526,0.001526,0.001526,0.001526,0.001526
2.93,0.001526,-31.58,0,0.005757,0,0.001526,0.001526,0.001526,0.001526,0.001526
2.94,0.001526,-31.58,0,0.002879,0,0.001526,0.001526,0.001526,0.001526,0.001526
2.95,0.001526,-31.58,0,0.051817,0,0.001526,0.001526,0.001526,0.001526,0.001526
2.96,0.001526,-31.58,0,-0.017272,0,0.001526,0.001526,0.001526,0.001526,0.001526
2.97,0.001526,-31.58,0,0.025909,0,0.001526,0.001526,0.001526,0.001526,0.001526
2.98,0.001526,-31.58,0,-0.017272,0,0.001526,0.001526,0.001526,0.001526,0.001526
2.98,0.001526,-31.58,0,-0.017272,0,0.001526,0.001526,0.001526,0.001526,0.001526
2.99,0.001526,-31.58,0,-0.017272,0,0.001526,0.001526,0.001526,0.001526,0.001526
3,0.001526,-31.58,0,0.002879,0,0.001526,0.001526,0.001526,0.001526,0.001526
3.01,0.001526,-31.58,0,0.002879,0,0.001526,0.001526,0.001526,0.001526,0.001526
3.02,0.001526,-31.58,0,0.025909,0,0.001526,0.001526,0.001526,0.001526,0.001526
3.03,0.001526,-31.58,0,0.002879,0,0.001526,0.001526,0.001526,0.001526,0.001526
3.04,0.001526,-31.58,0,0.028787,0,0.001526,0.001526,0.001526,0.001526,0.001526
3.05,0.001526,-31.58,0,0.002879,0,0.001526,0.001526,0.001526,0.001526,0.001526
3.06,0.001526,-31.58,0,-0.017272,0,0.001526,0.001526,0.001526,0.001526,0.001526
3.07,0.001526,-31.58,0,-0.040302,0,0.001526,0.001526,0.001526,0.001526,0.001526
3.08,0.001526,-31.58,0,0.051817,0,0.001526,0.001526,0.001526,0.001526,0.001526
3.09,0.001526,-31.58,0,0.051817,0,0.001526,0.001526,0.001526,0.001526,0.001526
3.1,0.001526,-31.58,0,-0.017272,0,0.001526,0.001526,0.001526,0.001526,0.001526
3.11,0.001526,-31.58,0,-0.017272,0,0.001526,0.001526,0.001526,0.001526,0.001526
3.12,0.001526,-31.58,0,0.002879,0,0.001526,0.001526,0.001526,0.001526,0.001526
3.13,0.001526,-31.58,0,0.002879,0,0.001526,0.001526,0.001526,0.001526,0.001526
3.14,0.001526,-31.58,0,0.028787,0,0.001526,0.001526,0.001526,0.001526,0.001526
3.15,0.001526,-31.58,0,0.002879,0,0.001526,0.001526,0.001526,0.001526,0.001526
3.16,0.001526,-31.58,0,-0.017272,0,0.001526,0.001526,0.001526,0.001526,0.001526
3.17,0.001526,-31.58,0,0.002879,0,0.001526,0.001526,0.001526,0.001526,0.001526
3.18,0.001526,-31.58,0,0.002879,0,0.001526,0.001526,0.001526,0.001526,0.001526
3.19,0.001526,-31.58,0,0.028787,0,0.001526,0.001526,0.001526,0.001526,0.001526
3.2,0.001526,-31.58,0,-0.017272,0,0.001526,0.001526,0.001526,0.001526,0.001526
3.21,0.001526,-31.58,0,-0.017272,0,0.001526,0.001526,0.001526,0.001526,0.001526
3.22,0.001526,-31.58,0,0.002879,0,0.001526,0.001526,0.001526,0.001526,0.001526
3.23,0.001526,-31.58,0,-0.017272,0,0.001526,0.001526,0.001526,0.001526,0.001526
3.24,0.001526,-31.58,0,0.005757,0,0.001526,0.001526,0.001526,0.001526,0.001526
3.25,0.001526,-31.58,0,0.028787,0,0.001526,0.001526,0.001526,0.001526,0.001526
3.26,0.001526,-31.58,0,0.028787,0,0.001526,0.001526,0.001526,0.001526,0.001526
3.27,0.001526,-31.58,0,-0.017272,0,0.001526,0.001526,0.001526,0.001526,0.001526
3.28,0.001526,-31.58,0,-0.017272,0,0.001526,0.001526,0.001526,0.001526,0.001526
3.29,0.001526,-31.58,0,-0.017272,0,0.001526,0.001526,0.001526,0.001526,0.001526
3.3,0.001526,-31.58,0,0.005757,0,0.001526,0.001526,0.001526,0.001526,0.001526
3.3,0.001526,-31.58,0,0.005757,0,0.001526,0.001526,0.001526,0.001526,0.001526
3.31,0.001526,-31.58,0,-0.017272,0,0.001526,0.001526,0.001526,0.001526,0.001526
3.32,0.001526,-31.58,0,0.002879,0,0.001526,0.001526,0.001526,0.001526,0.001526
3.33,0.001526,-31.58,0,-0.017272,0,0.001526,0.001526,0.001526,0.001526,0.001526
3.34,0.001526,-31.58,0,0.002879,0,0.001526,0.001526,0.001526,0.001526,0.001526
3.35,0.001526,-31.58,0,-0.017272,0,0.001526,0.001526,0.001526,0.001526,0.001526
3.36,0.001526,-31.58,0,0.002879,0,0.001526,0.001526,0.001526,0.001526,0.001526
3.37,0.001526,-31.58,0,-0.017272,0,0.001526,0.001526,0.001526,0.001526,0.001526
3.38,0.001526,-31.58,0,0.028787,0,0.001526,0.001526,0.001526,0.001526,0.001526
3.39,0.001526,-31.58,0,-0.014394,0,0.001526,0.001526,0.001526,0.001526,0.001526
3.4,0.001526,-31.58,0,0.028787,0,0.001526,0.001526,0.001526,0.001526,0.001526
3.41,0.001526,-31.58,0,0.002879,0,0.001526,0.001526,0.001526,0.001526,0.001526
3.42,0.001526,-31.58,0,0.028787,0,0.001526,0.001526,0.001526,0.001526,0.001526
3.43,0.001526,-31.58,0,-0.017272,0,0.001526,0.001526,0.001526,0.001526,0.001526
3.44,0.001526,-31.58,0,0.002879,0,0.001526,0.001526,0.001526,0.001526,0.001526
3.45,0.001526,-31.58,0,0.005757,0,0.001526,0.001526,0.001526,0.001526,0.001526
3.46,0.001526,-31.58,0,0.002879,0,0.001526,0.001526,0.001526,0.001526,0.001526
3.46,0.001526,-31.58,0,0.002879,0,0.001526,0.001526,0.001526,0.001526,0.001526
3.47,0.001526,-31.58,0,0.002879,0,0.001526,0.001526,0.001526,0.001526,0.001526
3.48,0.001526,-31.58,0,-0.017272,0,0.001526,0.001526,0.001526,0.001526,0.001526
3.49,0.001526,-31.58,0,0.002879,0,0.001526,0.001526,0.001526,0.001526,0.001526
3.5,0.001526,-31.58,0,0.002879,0,0.001526,0.001526,0.001526,0.001526,0.001526
3.51,0.001526,-31.58,0,0.025909,0,0.001526,0.001526,0.001526,0.001526,0.001526
3.52,0.001526,-31.58,0,-0.040302,0,0.001526,0.001526,0.001526,0.001526,0.001526
3.53,0.001526,-31.58,0,-0.017272,0,0.001526,0.001526,0.001526,0.001526,0.001526
3.54,0.001526,-31.58,0,0.028787,0,0.001526,0.001526,0.001526,0.001526,0.001526
3.55,0.001526,-31.58,0,-0.017272,0,0.001526,0.001526,0.001526,0.001526,0.001526
3.56,0.001526,-31.58,0,0.005757,0,0.001526,0.001526,0.001526,0.001526,0.001526
3.57,0.001526,-31.58,0,0.002879,0,0.001526,0.001526,0.001526,0.001526,0.001526
3.58,0.001526,-31.58,0,-0.017272,0,0.001526,0.001526,0.001526,0.001526,0.001526
3.59,0.001526,-31.58,0,0.002879,0,0.001526,0.001526,0.001526,0.001526,0.001526
3.6,0.001526,-31.58,0,0.002879,0,0.001526,0.001526,0.001526,0.001526,0.001526
3.61,0.001526,-31.58,0,0.005757,0,0.001526,0.001526,0.001526,0.001526,0.001526
3.62,0.001526,-31.58,0,0.028787,0,0.001526,0.001526,0.001526,0.001526,0.001526
3.62,0.001526,-31.58,0,0.028787,0,0.001526,0.001526,0.001526,0.001526,0.001526
